<?xml version="1.0" encoding="UTF-8" standalone="yes"?>
<session xmlns="http://phon.ling.mun.ca/ns/phonbank" id="030800" corpus="PD27" version="PB1.2">
    <header>
        <date>1984-01-01</date>
        <language>eng</language>
        <media>030800.wav</media>
    </header>
    <participants>
        <participant id="CHI">
            <role>Target Child</role>
            <name>PD27</name>
            <sex>male</sex>
            <birthday>1984-01-01</birthday>
            <age>P3Y8M0DT0H0M0S</age>
            <language>eng</language>
        </participant>
    </participants>
    <transcribers/>
    <userTiers/>
    <tierOrder>
        <tier tierName="Orthography" visible="true" locked="false" font="default"/>
        <tier tierName="IPA Target" visible="true" locked="false" font="default"/>
        <tier tierName="IPA Actual" visible="true" locked="false" font="default"/>
        <tier tierName="Notes" visible="true" locked="false" font="default"/>
        <tier tierName="Segment" visible="true" locked="false" font="default"/>
    </tierOrder>
    <transcript>
        <comment type="Code">pid 11312/c-00042632-1</comment>
        <comment type="Date">01-JAN-1984</comment>
        <u speaker="CHI" id="e67ee812-2053-4683-926f-2e4268638e6c" excludeFromSearches="false">
            <orthography>
                <g>
                    <w>shark</w>
                    <p type="PERIOD">.</p>
                </g>
            </orthography>
            <ipaTier form="model">
                <pg>
                    <w>ʃɑrk</w>
                    <sb>
                        <ph indexes="0" scType="UK"/>
                        <ph indexes="1" scType="UK"/>
                        <ph indexes="2" scType="UK"/>
                        <ph indexes="3" scType="UK"/>
                    </sb>
                </pg>
            </ipaTier>
            <ipaTier form="actual">
                <pg>
                    <w>s̪ːɑrpʰ</w>
                    <sb>
                        <ph indexes="0 1 2" scType="UK"/>
                        <ph indexes="3" scType="UK"/>
                        <ph indexes="4" scType="UK"/>
                        <ph indexes="5 6" scType="UK"/>
                    </sb>
                </pg>
            </ipaTier>
            <alignment type="segmental">
                <ag length="0"/>
            </alignment>
            <segment startTime="34785.0" duration="1311.0" unitType="ms"/>
        </u>
        <u speaker="CHI" id="87203580-fefc-4e46-8d8c-3fa69684ff13" excludeFromSearches="false">
            <orthography>
                <g>
                    <w>teeth</w>
                    <p type="PERIOD">.</p>
                </g>
            </orthography>
            <ipaTier form="model">
                <pg>
                    <w>tʰiθ</w>
                    <sb>
                        <ph indexes="0 1" scType="UK"/>
                        <ph indexes="2" scType="UK"/>
                        <ph indexes="3" scType="UK"/>
                    </sb>
                </pg>
            </ipaTier>
            <ipaTier form="actual">
                <pg>
                    <w>tʰif</w>
                    <sb>
                        <ph indexes="0 1" scType="UK"/>
                        <ph indexes="2" scType="UK"/>
                        <ph indexes="3" scType="UK"/>
                    </sb>
                </pg>
            </ipaTier>
            <alignment type="segmental">
                <ag length="0"/>
            </alignment>
            <segment startTime="40138.0" duration="1253.0" unitType="ms"/>
        </u>
        <u speaker="CHI" id="47b3bda6-2eff-47de-bf72-b445c73d59c2" excludeFromSearches="false">
            <orthography>
                <g>
                    <w>shovel</w>
                    <p type="PERIOD">.</p>
                </g>
            </orthography>
            <ipaTier form="model">
                <pg>
                    <w>ʃʌvəl</w>
                    <sb>
                        <ph indexes="0" scType="UK"/>
                        <ph indexes="1" scType="UK"/>
                        <ph indexes="2" scType="UK"/>
                        <ph indexes="3" scType="UK"/>
                        <ph indexes="4" scType="UK"/>
                    </sb>
                </pg>
            </ipaTier>
            <ipaTier form="actual">
                <pg>
                    <w>s̪ʌvoʊ</w>
                    <sb>
                        <ph indexes="0 1" scType="UK"/>
                        <ph indexes="2" scType="UK"/>
                        <ph indexes="3" scType="UK"/>
                        <ph indexes="4" scType="UK"/>
                        <ph indexes="5" scType="UK"/>
                    </sb>
                </pg>
            </ipaTier>
            <alignment type="segmental">
                <ag length="0"/>
            </alignment>
            <segment startTime="89824.0" duration="1414.0" unitType="ms"/>
        </u>
        <u speaker="CHI" id="1a9e7b81-4f59-4bf4-ab4b-6d0938516829" excludeFromSearches="false">
            <orthography>
                <g>
                    <w>this</w>
                    <p type="PERIOD">.</p>
                </g>
            </orthography>
            <ipaTier form="model">
                <pg>
                    <w>ðɪs</w>
                    <sb>
                        <ph indexes="0" scType="UK"/>
                        <ph indexes="1" scType="UK"/>
                        <ph indexes="2" scType="UK"/>
                    </sb>
                </pg>
            </ipaTier>
            <ipaTier form="actual">
                <pg>
                    <w>bwɪs̪</w>
                    <sb>
                        <ph indexes="0" scType="UK"/>
                        <ph indexes="1" scType="UK"/>
                        <ph indexes="2" scType="UK"/>
                        <ph indexes="3 4" scType="UK"/>
                    </sb>
                </pg>
            </ipaTier>
            <alignment type="segmental">
                <ag length="0"/>
            </alignment>
            <segment startTime="93257.0" duration="1145.0" unitType="ms"/>
        </u>
        <u speaker="CHI" id="6932f645-94b5-4c73-b75f-9003cea965fc" excludeFromSearches="false">
            <orthography>
                <g>
                    <w>there</w>
                    <p type="PERIOD">.</p>
                </g>
            </orthography>
            <ipaTier form="model">
                <pg>
                    <w>ðɛr</w>
                    <sb>
                        <ph indexes="0" scType="UK"/>
                        <ph indexes="1" scType="UK"/>
                        <ph indexes="2" scType="UK"/>
                    </sb>
                </pg>
            </ipaTier>
            <ipaTier form="actual">
                <pg>
                    <w>bɛr</w>
                    <sb>
                        <ph indexes="0" scType="UK"/>
                        <ph indexes="1" scType="UK"/>
                        <ph indexes="2" scType="UK"/>
                    </sb>
                </pg>
            </ipaTier>
            <alignment type="segmental">
                <ag length="0"/>
            </alignment>
            <segment startTime="95792.0" duration="1389.0" unitType="ms"/>
        </u>
        <u speaker="CHI" id="c11d2fb6-f13b-4911-bb9e-3f834b4c1294" excludeFromSearches="false">
            <orthography>
                <g>
                    <w>stretch</w>
                    <p type="PERIOD">.</p>
                </g>
            </orthography>
            <ipaTier form="model">
                <pg>
                    <w>strɛʧ</w>
                    <sb>
                        <ph indexes="0" scType="UK"/>
                        <ph indexes="1" scType="UK"/>
                        <ph indexes="2" scType="UK"/>
                        <ph indexes="3" scType="UK"/>
                        <ph indexes="4" scType="UK"/>
                    </sb>
                </pg>
            </ipaTier>
            <ipaTier form="actual">
                <pg>
                    <w>s̪mɛʦ̪</w>
                    <sb>
                        <ph indexes="0 1" scType="UK"/>
                        <ph indexes="2" scType="UK"/>
                        <ph indexes="3" scType="UK"/>
                        <ph indexes="4 5" scType="UK"/>
                    </sb>
                </pg>
            </ipaTier>
            <alignment type="segmental">
                <ag length="0"/>
            </alignment>
            <segment startTime="99961.0" duration="1509.0" unitType="ms"/>
        </u>
        <u speaker="CHI" id="5b15adf4-9c94-4ace-8de5-c805e6837c33" excludeFromSearches="false">
            <orthography>
                <g>
                    <w>chicken</w>
                    <p type="PERIOD">.</p>
                </g>
            </orthography>
            <ipaTier form="model">
                <pg>
                    <w>ʧɪkɪn</w>
                    <sb>
                        <ph indexes="0" scType="UK"/>
                        <ph indexes="1" scType="UK"/>
                        <ph indexes="2" scType="UK"/>
                        <ph indexes="3" scType="UK"/>
                        <ph indexes="4" scType="UK"/>
                    </sb>
                </pg>
            </ipaTier>
            <ipaTier form="actual">
                <pg>
                    <w>s̪ɪdɪn</w>
                    <sb>
                        <ph indexes="0 1" scType="UK"/>
                        <ph indexes="2" scType="UK"/>
                        <ph indexes="3" scType="UK"/>
                        <ph indexes="4" scType="UK"/>
                        <ph indexes="5" scType="UK"/>
                    </sb>
                </pg>
            </ipaTier>
            <alignment type="segmental">
                <ag length="0"/>
            </alignment>
            <segment startTime="103510.0" duration="923.0" unitType="ms"/>
        </u>
        <u speaker="CHI" id="e753cfce-8e04-421b-ac26-bceac6baeee3" excludeFromSearches="false">
            <orthography>
                <g>
                    <w>jeep</w>
                    <p type="PERIOD">.</p>
                </g>
            </orthography>
            <ipaTier form="model">
                <pg>
                    <w>ʤip</w>
                    <sb>
                        <ph indexes="0" scType="UK"/>
                        <ph indexes="1" scType="UK"/>
                        <ph indexes="2" scType="UK"/>
                    </sb>
                </pg>
            </ipaTier>
            <ipaTier form="actual">
                <pg>
                    <w>s̪ip</w>
                    <sb>
                        <ph indexes="0 1" scType="UK"/>
                        <ph indexes="2" scType="UK"/>
                        <ph indexes="3" scType="UK"/>
                    </sb>
                </pg>
            </ipaTier>
            <alignment type="segmental">
                <ag length="0"/>
            </alignment>
            <segment startTime="107982.0" duration="1158.0" unitType="ms"/>
        </u>
        <u speaker="CHI" id="fab0da64-088d-4ccf-9962-a4e35ba96155" excludeFromSearches="false">
            <orthography>
                <g>
                    <w>rabbit</w>
                    <p type="PERIOD">.</p>
                </g>
            </orthography>
            <ipaTier form="model">
                <pg>
                    <w>ræbɪt</w>
                    <sb>
                        <ph indexes="0" scType="UK"/>
                        <ph indexes="1" scType="UK"/>
                        <ph indexes="2" scType="UK"/>
                        <ph indexes="3" scType="UK"/>
                        <ph indexes="4" scType="UK"/>
                    </sb>
                </pg>
            </ipaTier>
            <ipaTier form="actual">
                <pg>
                    <w>wæbɪt</w>
                    <sb>
                        <ph indexes="0" scType="UK"/>
                        <ph indexes="1" scType="UK"/>
                        <ph indexes="2" scType="UK"/>
                        <ph indexes="3" scType="UK"/>
                        <ph indexes="4" scType="UK"/>
                    </sb>
                </pg>
            </ipaTier>
            <alignment type="segmental">
                <ag length="0"/>
            </alignment>
            <segment startTime="113425.0" duration="1136.0" unitType="ms"/>
        </u>
        <u speaker="CHI" id="4ac37834-f796-47f9-bf48-4b30a84403e4" excludeFromSearches="false">
            <orthography>
                <g>
                    <w>other</w>
                    <p type="PERIOD">.</p>
                </g>
            </orthography>
            <ipaTier form="model">
                <pg>
                    <w>ʌðɚ</w>
                    <sb>
                        <ph indexes="0" scType="UK"/>
                        <ph indexes="1" scType="UK"/>
                        <ph indexes="2" scType="UK"/>
                    </sb>
                </pg>
            </ipaTier>
            <ipaTier form="actual">
                <pg>
                    <w>ʌvɚ</w>
                    <sb>
                        <ph indexes="0" scType="UK"/>
                        <ph indexes="1" scType="UK"/>
                        <ph indexes="2" scType="UK"/>
                    </sb>
                </pg>
            </ipaTier>
            <alignment type="segmental">
                <ag length="0"/>
            </alignment>
            <segment startTime="116954.0" duration="938.0" unitType="ms"/>
        </u>
        <u speaker="CHI" id="9f1463b2-dce9-47e5-b009-4260c4f7e6c5" excludeFromSearches="false">
            <orthography>
                <g>
                    <w>magician</w>
                    <p type="PERIOD">.</p>
                </g>
            </orthography>
            <ipaTier form="model">
                <pg>
                    <w>məʤɪʃɪn</w>
                    <sb>
                        <ph indexes="0" scType="UK"/>
                        <ph indexes="1" scType="UK"/>
                        <ph indexes="2" scType="UK"/>
                        <ph indexes="3" scType="UK"/>
                        <ph indexes="4" scType="UK"/>
                        <ph indexes="5" scType="UK"/>
                        <ph indexes="6" scType="UK"/>
                    </sb>
                </pg>
            </ipaTier>
            <ipaTier form="actual">
                <pg>
                    <w>əs̪ɪs̪ɪn</w>
                    <sb>
                        <ph indexes="0" scType="UK"/>
                        <ph indexes="1 2" scType="UK"/>
                        <ph indexes="3" scType="UK"/>
                        <ph indexes="4 5" scType="UK"/>
                        <ph indexes="6" scType="UK"/>
                        <ph indexes="7" scType="UK"/>
                    </sb>
                </pg>
            </ipaTier>
            <alignment type="segmental">
                <ag length="0"/>
            </alignment>
            <segment startTime="125610.0" duration="1619.0" unitType="ms"/>
        </u>
        <u speaker="CHI" id="34a1b561-4b6a-4fa2-aeb5-0b104c41c65b" excludeFromSearches="false">
            <orthography>
                <g>
                    <w>ocean</w>
                    <p type="PERIOD">.</p>
                </g>
            </orthography>
            <ipaTier form="model">
                <pg>
                    <w>oʊʃɪn</w>
                    <sb>
                        <ph indexes="0" scType="UK"/>
                        <ph indexes="1" scType="UK"/>
                        <ph indexes="2" scType="UK"/>
                        <ph indexes="3" scType="UK"/>
                        <ph indexes="4" scType="UK"/>
                    </sb>
                </pg>
            </ipaTier>
            <ipaTier form="actual">
                <pg>
                    <w>oʊs̪ɪn</w>
                    <sb>
                        <ph indexes="0" scType="UK"/>
                        <ph indexes="1" scType="UK"/>
                        <ph indexes="2 3" scType="UK"/>
                        <ph indexes="4" scType="UK"/>
                        <ph indexes="5" scType="UK"/>
                    </sb>
                </pg>
            </ipaTier>
            <alignment type="segmental">
                <ag length="0"/>
            </alignment>
            <segment startTime="129601.0" duration="1026.0" unitType="ms"/>
        </u>
        <u speaker="CHI" id="235a8a44-5c14-4113-b0e3-06d7b817b195" excludeFromSearches="false">
            <orthography>
                <g>
                    <w>teacher</w>
                    <p type="PERIOD">.</p>
                </g>
            </orthography>
            <ipaTier form="model">
                <pg>
                    <w>tʰiʧɚ</w>
                    <sb>
                        <ph indexes="0 1" scType="UK"/>
                        <ph indexes="2" scType="UK"/>
                        <ph indexes="3" scType="UK"/>
                        <ph indexes="4" scType="UK"/>
                    </sb>
                </pg>
            </ipaTier>
            <ipaTier form="actual">
                <pg>
                    <w>tʰiʦɚ</w>
                    <sb>
                        <ph indexes="0 1" scType="UK"/>
                        <ph indexes="2" scType="UK"/>
                        <ph indexes="3" scType="UK"/>
                        <ph indexes="4" scType="UK"/>
                    </sb>
                </pg>
            </ipaTier>
            <alignment type="segmental">
                <ag length="0"/>
            </alignment>
            <segment startTime="133635.0" duration="1311.0" unitType="ms"/>
        </u>
        <u speaker="CHI" id="4d3042df-257d-4927-9ec0-8dd2cc443be5" excludeFromSearches="false">
            <orthography>
                <g>
                    <w>finger</w>
                    <p type="PERIOD">.</p>
                </g>
            </orthography>
            <ipaTier form="model">
                <pg>
                    <w>fiŋgɚ</w>
                    <sb>
                        <ph indexes="0" scType="UK"/>
                        <ph indexes="1" scType="UK"/>
                        <ph indexes="2" scType="UK"/>
                        <ph indexes="3" scType="UK"/>
                        <ph indexes="4" scType="UK"/>
                    </sb>
                </pg>
            </ipaTier>
            <ipaTier form="actual">
                <pg>
                    <w>s̪ɪndɚ</w>
                    <sb>
                        <ph indexes="0 1" scType="UK"/>
                        <ph indexes="2" scType="UK"/>
                        <ph indexes="3" scType="UK"/>
                        <ph indexes="4" scType="UK"/>
                        <ph indexes="5" scType="UK"/>
                    </sb>
                </pg>
            </ipaTier>
            <alignment type="segmental">
                <ag length="0"/>
            </alignment>
            <segment startTime="136894.0" duration="1429.0" unitType="ms"/>
        </u>
        <u speaker="CHI" id="2e544174-947e-404e-99da-da474f809d2c" excludeFromSearches="false">
            <orthography>
                <g>
                    <w>chair</w>
                    <p type="PERIOD">.</p>
                </g>
            </orthography>
            <ipaTier form="model">
                <pg>
                    <w>ʧɛr</w>
                    <sb>
                        <ph indexes="0" scType="UK"/>
                        <ph indexes="1" scType="UK"/>
                        <ph indexes="2" scType="UK"/>
                    </sb>
                </pg>
            </ipaTier>
            <ipaTier form="actual">
                <pg>
                    <w>s̪ɛr</w>
                    <sb>
                        <ph indexes="0 1" scType="UK"/>
                        <ph indexes="2" scType="UK"/>
                        <ph indexes="3" scType="UK"/>
                    </sb>
                </pg>
            </ipaTier>
            <alignment type="segmental">
                <ag length="0"/>
            </alignment>
            <segment startTime="140351.0" duration="1165.0" unitType="ms"/>
        </u>
        <u speaker="CHI" id="9af5ce15-e094-44f1-9c19-1f94b729bb91" excludeFromSearches="false">
            <orthography>
                <g>
                    <w>shower</w>
                    <p type="PERIOD">.</p>
                </g>
            </orthography>
            <ipaTier form="model">
                <pg>
                    <w>ʃɑʊwɚ</w>
                    <sb>
                        <ph indexes="0" scType="UK"/>
                        <ph indexes="1" scType="UK"/>
                        <ph indexes="2" scType="UK"/>
                        <ph indexes="3" scType="UK"/>
                        <ph indexes="4" scType="UK"/>
                    </sb>
                </pg>
            </ipaTier>
            <ipaTier form="actual">
                <pg>
                    <w>s̪ɑʊwɚ</w>
                    <sb>
                        <ph indexes="0 1" scType="UK"/>
                        <ph indexes="2" scType="UK"/>
                        <ph indexes="3" scType="UK"/>
                        <ph indexes="4" scType="UK"/>
                        <ph indexes="5" scType="UK"/>
                    </sb>
                </pg>
            </ipaTier>
            <alignment type="segmental">
                <ag length="0"/>
            </alignment>
            <segment startTime="153841.0" duration="1143.0" unitType="ms"/>
        </u>
        <u speaker="CHI" id="dd75da8c-ced4-4834-bfe9-c977fbed97d0" excludeFromSearches="false">
            <orthography>
                <g>
                    <w>judge</w>
                    <p type="PERIOD">.</p>
                </g>
            </orthography>
            <ipaTier form="model">
                <pg>
                    <w>ʤʌʤ</w>
                    <sb>
                        <ph indexes="0" scType="UK"/>
                        <ph indexes="1" scType="UK"/>
                        <ph indexes="2" scType="UK"/>
                    </sb>
                </pg>
            </ipaTier>
            <ipaTier form="actual">
                <pg>
                    <w>ʤʌʣ</w>
                    <sb>
                        <ph indexes="0" scType="UK"/>
                        <ph indexes="1" scType="UK"/>
                        <ph indexes="2" scType="UK"/>
                    </sb>
                </pg>
            </ipaTier>
            <alignment type="segmental">
                <ag length="0"/>
            </alignment>
            <segment startTime="161419.0" duration="1436.0" unitType="ms"/>
        </u>
        <u speaker="CHI" id="34d60e7d-347c-4dee-8712-6f32c3a6268c" excludeFromSearches="false">
            <orthography>
                <g>
                    <w>jelly</w>
                    <p type="PERIOD">.</p>
                </g>
            </orthography>
            <ipaTier form="model">
                <pg>
                    <w>ʤɛli</w>
                    <sb>
                        <ph indexes="0" scType="UK"/>
                        <ph indexes="1" scType="UK"/>
                        <ph indexes="2" scType="UK"/>
                        <ph indexes="3" scType="UK"/>
                    </sb>
                </pg>
            </ipaTier>
            <ipaTier form="actual">
                <pg>
                    <w>ʣɛwi</w>
                    <sb>
                        <ph indexes="0" scType="UK"/>
                        <ph indexes="1" scType="UK"/>
                        <ph indexes="2" scType="UK"/>
                        <ph indexes="3" scType="UK"/>
                    </sb>
                </pg>
            </ipaTier>
            <alignment type="segmental">
                <ag length="0"/>
            </alignment>
            <segment startTime="165739.0" duration="1326.0" unitType="ms"/>
        </u>
        <u speaker="CHI" id="bb7a8c05-cd26-43dd-9505-0ab0b5e3c98e" excludeFromSearches="false">
            <orthography>
                <g>
                    <w>frenchfries</w>
                    <p type="PERIOD">.</p>
                </g>
            </orthography>
            <ipaTier form="model">
                <pg>
                    <w>frɛnʧfrɑɪz</w>
                    <sb>
                        <ph indexes="0" scType="UK"/>
                        <ph indexes="1" scType="UK"/>
                        <ph indexes="2" scType="UK"/>
                        <ph indexes="3" scType="UK"/>
                        <ph indexes="4" scType="UK"/>
                        <ph indexes="5" scType="UK"/>
                        <ph indexes="6" scType="UK"/>
                        <ph indexes="7" scType="UK"/>
                        <ph indexes="8" scType="UK"/>
                        <ph indexes="9" scType="UK"/>
                    </sb>
                </pg>
            </ipaTier>
            <ipaTier form="actual">
                <pg>
                    <w>s̪wɛnʦ</w>
                    <w>bɑɪs̪</w>
                    <sb>
                        <ph indexes="0 1" scType="UK"/>
                        <ph indexes="2" scType="UK"/>
                        <ph indexes="3" scType="UK"/>
                        <ph indexes="4" scType="UK"/>
                        <ph indexes="5" scType="UK"/>
                        <ph indexes="6" scType="WB"/>
                        <ph indexes="7" scType="UK"/>
                        <ph indexes="8" scType="UK"/>
                        <ph indexes="9" scType="UK"/>
                        <ph indexes="10 11" scType="UK"/>
                    </sb>
                </pg>
            </ipaTier>
            <alignment type="segmental">
                <ag length="0"/>
            </alignment>
            <segment startTime="169638.0" duration="1619.0" unitType="ms"/>
        </u>
        <u speaker="CHI" id="91451758-3d76-4fe4-bf10-3dea008441a9" excludeFromSearches="false">
            <orthography>
                <g>
                    <w>shoes</w>
                    <p type="PERIOD">.</p>
                </g>
            </orthography>
            <ipaTier form="model">
                <pg>
                    <w>ʃuz</w>
                    <sb>
                        <ph indexes="0" scType="UK"/>
                        <ph indexes="1" scType="UK"/>
                        <ph indexes="2" scType="UK"/>
                    </sb>
                </pg>
            </ipaTier>
            <ipaTier form="actual">
                <pg>
                    <w>s̪us̪</w>
                    <sb>
                        <ph indexes="0 1" scType="UK"/>
                        <ph indexes="2" scType="UK"/>
                        <ph indexes="3 4" scType="UK"/>
                    </sb>
                </pg>
            </ipaTier>
            <alignment type="segmental">
                <ag length="0"/>
            </alignment>
            <segment startTime="173766.0" duration="1231.0" unitType="ms"/>
        </u>
        <u speaker="CHI" id="e663a7ba-b361-432e-9670-b095510f9827" excludeFromSearches="false">
            <orthography>
                <g>
                    <w>jumping</w>
                    <p type="PERIOD">.</p>
                </g>
            </orthography>
            <ipaTier form="model">
                <pg>
                    <w>ʤʌmpɪŋ</w>
                    <sb>
                        <ph indexes="0" scType="UK"/>
                        <ph indexes="1" scType="UK"/>
                        <ph indexes="2" scType="UK"/>
                        <ph indexes="3" scType="UK"/>
                        <ph indexes="4" scType="UK"/>
                        <ph indexes="5" scType="UK"/>
                    </sb>
                </pg>
            </ipaTier>
            <ipaTier form="actual">
                <pg>
                    <w>s̪ʌpʰɪn</w>
                    <sb>
                        <ph indexes="0 1" scType="UK"/>
                        <ph indexes="2" scType="UK"/>
                        <ph indexes="3 4" scType="UK"/>
                        <ph indexes="5" scType="UK"/>
                        <ph indexes="6" scType="UK"/>
                    </sb>
                </pg>
            </ipaTier>
            <alignment type="segmental">
                <ag length="0"/>
            </alignment>
            <segment startTime="176905.0" duration="1297.0" unitType="ms"/>
        </u>
        <u speaker="CHI" id="0e18e384-f979-4265-bd2b-9e35b6fc099f" excludeFromSearches="false">
            <orthography>
                <g>
                    <w>chain</w>
                    <p type="PERIOD">.</p>
                </g>
            </orthography>
            <ipaTier form="model">
                <pg>
                    <w>ʧeɪn</w>
                    <sb>
                        <ph indexes="0" scType="UK"/>
                        <ph indexes="1" scType="UK"/>
                        <ph indexes="2" scType="UK"/>
                        <ph indexes="3" scType="UK"/>
                    </sb>
                </pg>
            </ipaTier>
            <ipaTier form="actual">
                <pg>
                    <w>s̪eɪn</w>
                    <sb>
                        <ph indexes="0 1" scType="UK"/>
                        <ph indexes="2" scType="UK"/>
                        <ph indexes="3" scType="UK"/>
                        <ph indexes="4" scType="UK"/>
                    </sb>
                </pg>
            </ipaTier>
            <alignment type="segmental">
                <ag length="0"/>
            </alignment>
            <segment startTime="181011.0" duration="1802.0" unitType="ms"/>
        </u>
        <u speaker="CHI" id="1889b65f-2cbd-4a09-9522-97e268fd244d" excludeFromSearches="false">
            <orthography>
                <g>
                    <w>fish</w>
                    <p type="PERIOD">.</p>
                </g>
            </orthography>
            <ipaTier form="model">
                <pg>
                    <w>fɪʃ</w>
                    <sb>
                        <ph indexes="0" scType="UK"/>
                        <ph indexes="1" scType="UK"/>
                        <ph indexes="2" scType="UK"/>
                    </sb>
                </pg>
            </ipaTier>
            <ipaTier form="actual">
                <pg>
                    <w>fɪs̪</w>
                    <sb>
                        <ph indexes="0" scType="UK"/>
                        <ph indexes="1" scType="UK"/>
                        <ph indexes="2 3" scType="UK"/>
                    </sb>
                </pg>
            </ipaTier>
            <alignment type="segmental">
                <ag length="0"/>
            </alignment>
            <segment startTime="183906.0" duration="1147.0" unitType="ms"/>
        </u>
        <u speaker="CHI" id="aed8500d-4999-436c-bd43-9077ef8f5b83" excludeFromSearches="false">
            <orthography>
                <g>
                    <w>fishi</w>
                    <p type="PERIOD">.</p>
                </g>
            </orthography>
            <ipaTier form="model">
                <pg>
                    <w>fɪʃi</w>
                    <sb>
                        <ph indexes="0" scType="UK"/>
                        <ph indexes="1" scType="UK"/>
                        <ph indexes="2" scType="UK"/>
                        <ph indexes="3" scType="UK"/>
                    </sb>
                </pg>
            </ipaTier>
            <ipaTier form="actual">
                <pg>
                    <w>fɪs̪i</w>
                    <sb>
                        <ph indexes="0" scType="UK"/>
                        <ph indexes="1" scType="UK"/>
                        <ph indexes="2 3" scType="UK"/>
                        <ph indexes="4" scType="UK"/>
                    </sb>
                </pg>
            </ipaTier>
            <alignment type="segmental">
                <ag length="0"/>
            </alignment>
            <segment startTime="186358.0" duration="1127.0" unitType="ms"/>
        </u>
        <u speaker="CHI" id="cdd5ce9f-477e-4594-8694-43222414983d" excludeFromSearches="false">
            <orthography>
                <g>
                    <w>chalk</w>
                    <p type="PERIOD">.</p>
                </g>
            </orthography>
            <ipaTier form="model">
                <pg>
                    <w>ʧɑk</w>
                    <sb>
                        <ph indexes="0" scType="UK"/>
                        <ph indexes="1" scType="UK"/>
                        <ph indexes="2" scType="UK"/>
                    </sb>
                </pg>
            </ipaTier>
            <ipaTier form="actual">
                <pg>
                    <w>s̪ɑt</w>
                    <sb>
                        <ph indexes="0 1" scType="UK"/>
                        <ph indexes="2" scType="UK"/>
                        <ph indexes="3" scType="UK"/>
                    </sb>
                </pg>
            </ipaTier>
            <alignment type="segmental">
                <ag length="0"/>
            </alignment>
            <segment startTime="190571.0" duration="1238.0" unitType="ms"/>
        </u>
        <u speaker="CHI" id="a8ca7ed6-72f3-4b3b-8678-dead2a14abb3" excludeFromSearches="false">
            <orthography>
                <g>
                    <w>chalki</w>
                    <p type="PERIOD">.</p>
                </g>
            </orthography>
            <ipaTier form="model">
                <pg>
                    <w>ʧɑki</w>
                    <sb>
                        <ph indexes="0" scType="UK"/>
                        <ph indexes="1" scType="UK"/>
                        <ph indexes="2" scType="UK"/>
                        <ph indexes="3" scType="UK"/>
                    </sb>
                </pg>
            </ipaTier>
            <ipaTier form="actual">
                <pg>
                    <w>s̪ɑti</w>
                    <sb>
                        <ph indexes="0 1" scType="UK"/>
                        <ph indexes="2" scType="UK"/>
                        <ph indexes="3" scType="UK"/>
                        <ph indexes="4" scType="UK"/>
                    </sb>
                </pg>
            </ipaTier>
            <alignment type="segmental">
                <ag length="0"/>
            </alignment>
            <segment startTime="193349.0" duration="1116.0" unitType="ms"/>
        </u>
        <u speaker="CHI" id="ab99f96b-73c6-451a-956c-273e1d4259de" excludeFromSearches="false">
            <orthography>
                <g>
                    <w>juice</w>
                    <p type="PERIOD">.</p>
                </g>
            </orthography>
            <ipaTier form="model">
                <pg>
                    <w>ʤus</w>
                    <sb>
                        <ph indexes="0" scType="UK"/>
                        <ph indexes="1" scType="UK"/>
                        <ph indexes="2" scType="UK"/>
                    </sb>
                </pg>
            </ipaTier>
            <ipaTier form="actual">
                <pg>
                    <w>s̪us̪</w>
                    <sb>
                        <ph indexes="0 1" scType="UK"/>
                        <ph indexes="2" scType="UK"/>
                        <ph indexes="3 4" scType="UK"/>
                    </sb>
                </pg>
            </ipaTier>
            <alignment type="segmental">
                <ag length="0"/>
            </alignment>
            <segment startTime="197774.0" duration="1187.0" unitType="ms"/>
        </u>
        <u speaker="CHI" id="e21123b4-b462-4d0d-aa41-a6161eaf1cc5" excludeFromSearches="false">
            <orthography>
                <g>
                    <w>juicei</w>
                    <p type="PERIOD">.</p>
                </g>
            </orthography>
            <ipaTier form="model">
                <pg>
                    <w>ʤusi</w>
                    <sb>
                        <ph indexes="0" scType="UK"/>
                        <ph indexes="1" scType="UK"/>
                        <ph indexes="2" scType="UK"/>
                        <ph indexes="3" scType="UK"/>
                    </sb>
                </pg>
            </ipaTier>
            <ipaTier form="actual">
                <pg>
                    <w>s̪us̪i</w>
                    <sb>
                        <ph indexes="0 1" scType="UK"/>
                        <ph indexes="2" scType="UK"/>
                        <ph indexes="3 4" scType="UK"/>
                        <ph indexes="5" scType="UK"/>
                    </sb>
                </pg>
            </ipaTier>
            <alignment type="segmental">
                <ag length="0"/>
            </alignment>
            <segment startTime="200063.0" duration="1257.0" unitType="ms"/>
        </u>
        <u speaker="CHI" id="792de661-58cb-41c1-adb5-83f43748abf3" excludeFromSearches="false">
            <orthography>
                <g>
                    <w>witch</w>
                    <p type="PERIOD">.</p>
                </g>
            </orthography>
            <ipaTier form="model">
                <pg>
                    <w>wɪʧ</w>
                    <sb>
                        <ph indexes="0" scType="UK"/>
                        <ph indexes="1" scType="UK"/>
                        <ph indexes="2" scType="UK"/>
                    </sb>
                </pg>
            </ipaTier>
            <ipaTier form="actual">
                <pg>
                    <w>wɪʦ</w>
                    <sb>
                        <ph indexes="0" scType="UK"/>
                        <ph indexes="1" scType="UK"/>
                        <ph indexes="2" scType="UK"/>
                    </sb>
                </pg>
            </ipaTier>
            <alignment type="segmental">
                <ag length="0"/>
            </alignment>
            <segment startTime="206500.0" duration="1407.0" unitType="ms"/>
        </u>
        <u speaker="CHI" id="b8630f26-1569-4f2a-bea8-1cc5bc78d042" excludeFromSearches="false">
            <orthography>
                <g>
                    <w>witchi</w>
                    <p type="PERIOD">.</p>
                </g>
            </orthography>
            <ipaTier form="model">
                <pg>
                    <w>wɪʧi</w>
                    <sb>
                        <ph indexes="0" scType="UK"/>
                        <ph indexes="1" scType="UK"/>
                        <ph indexes="2" scType="UK"/>
                        <ph indexes="3" scType="UK"/>
                    </sb>
                </pg>
            </ipaTier>
            <ipaTier form="actual">
                <pg>
                    <w>wɪti</w>
                    <sb>
                        <ph indexes="0" scType="UK"/>
                        <ph indexes="1" scType="UK"/>
                        <ph indexes="2" scType="UK"/>
                        <ph indexes="3" scType="UK"/>
                    </sb>
                </pg>
            </ipaTier>
            <alignment type="segmental">
                <ag length="0"/>
            </alignment>
            <segment startTime="209053.0" duration="1233.0" unitType="ms"/>
        </u>
        <u speaker="CHI" id="f07f28ef-f51f-4bef-b06d-e249ab4b966a" excludeFromSearches="false">
            <orthography>
                <g>
                    <w>badge</w>
                    <p type="PERIOD">.</p>
                </g>
            </orthography>
            <ipaTier form="model">
                <pg>
                    <w>bæʤ</w>
                    <sb>
                        <ph indexes="0" scType="UK"/>
                        <ph indexes="1" scType="UK"/>
                        <ph indexes="2" scType="UK"/>
                    </sb>
                </pg>
            </ipaTier>
            <ipaTier form="actual">
                <pg>
                    <w>bæʣ</w>
                    <sb>
                        <ph indexes="0" scType="UK"/>
                        <ph indexes="1" scType="UK"/>
                        <ph indexes="2" scType="UK"/>
                    </sb>
                </pg>
            </ipaTier>
            <alignment type="segmental">
                <ag length="0"/>
            </alignment>
            <segment startTime="214442.0" duration="1480.0" unitType="ms"/>
        </u>
        <u speaker="CHI" id="599e063d-01c4-4086-9df6-35eb602144f1" excludeFromSearches="false">
            <orthography>
                <g>
                    <w>badgei</w>
                    <p type="PERIOD">.</p>
                </g>
            </orthography>
            <ipaTier form="model">
                <pg>
                    <w>bæʤi</w>
                    <sb>
                        <ph indexes="0" scType="UK"/>
                        <ph indexes="1" scType="UK"/>
                        <ph indexes="2" scType="UK"/>
                        <ph indexes="3" scType="UK"/>
                    </sb>
                </pg>
            </ipaTier>
            <ipaTier form="actual">
                <pg>
                    <w>bæʤi</w>
                    <sb>
                        <ph indexes="0" scType="UK"/>
                        <ph indexes="1" scType="UK"/>
                        <ph indexes="2" scType="UK"/>
                        <ph indexes="3" scType="UK"/>
                    </sb>
                </pg>
            </ipaTier>
            <alignment type="segmental">
                <ag length="0"/>
            </alignment>
            <segment startTime="217023.0" duration="1362.0" unitType="ms"/>
        </u>
        <u speaker="CHI" id="8a6bd83f-536b-42ab-b043-860989e89e0f" excludeFromSearches="false">
            <orthography>
                <g>
                    <w>page</w>
                    <p type="PERIOD">.</p>
                </g>
            </orthography>
            <ipaTier form="model">
                <pg>
                    <w>pʰeɪʤ</w>
                    <sb>
                        <ph indexes="0 1" scType="UK"/>
                        <ph indexes="2" scType="UK"/>
                        <ph indexes="3" scType="UK"/>
                        <ph indexes="4" scType="UK"/>
                    </sb>
                </pg>
            </ipaTier>
            <ipaTier form="actual">
                <pg>
                    <w>pʰeɪʤ</w>
                    <sb>
                        <ph indexes="0 1" scType="UK"/>
                        <ph indexes="2" scType="UK"/>
                        <ph indexes="3" scType="UK"/>
                        <ph indexes="4" scType="UK"/>
                    </sb>
                </pg>
            </ipaTier>
            <alignment type="segmental">
                <ag length="0"/>
            </alignment>
            <segment startTime="221007.0" duration="1377.0" unitType="ms"/>
        </u>
        <u speaker="CHI" id="71496329-38ef-419b-a65d-8d9eb5307c9b" excludeFromSearches="false">
            <orthography>
                <g>
                    <w>pagei</w>
                    <p type="PERIOD">.</p>
                </g>
            </orthography>
            <ipaTier form="model">
                <pg>
                    <w>pʰeɪʤi</w>
                    <sb>
                        <ph indexes="0 1" scType="UK"/>
                        <ph indexes="2" scType="UK"/>
                        <ph indexes="3" scType="UK"/>
                        <ph indexes="4" scType="UK"/>
                        <ph indexes="5" scType="UK"/>
                    </sb>
                </pg>
            </ipaTier>
            <ipaTier form="actual">
                <pg>
                    <w>pʰeɪʤi</w>
                    <sb>
                        <ph indexes="0 1" scType="UK"/>
                        <ph indexes="2" scType="UK"/>
                        <ph indexes="3" scType="UK"/>
                        <ph indexes="4" scType="UK"/>
                        <ph indexes="5" scType="UK"/>
                    </sb>
                </pg>
            </ipaTier>
            <alignment type="segmental">
                <ag length="0"/>
            </alignment>
            <segment startTime="223330.0" duration="1046.0" unitType="ms"/>
        </u>
        <u speaker="CHI" id="50d6aeda-3a9d-4bb2-b36b-e0baba0ce809" excludeFromSearches="false">
            <orthography>
                <g>
                    <w>cheese</w>
                    <p type="PERIOD">.</p>
                </g>
            </orthography>
            <ipaTier form="model">
                <pg>
                    <w>ʧiz</w>
                    <sb>
                        <ph indexes="0" scType="UK"/>
                        <ph indexes="1" scType="UK"/>
                        <ph indexes="2" scType="UK"/>
                    </sb>
                </pg>
            </ipaTier>
            <ipaTier form="actual">
                <pg>
                    <w>tʰiʃ</w>
                    <sb>
                        <ph indexes="0 1" scType="UK"/>
                        <ph indexes="2" scType="UK"/>
                        <ph indexes="3" scType="UK"/>
                    </sb>
                </pg>
            </ipaTier>
            <alignment type="segmental">
                <ag length="0"/>
            </alignment>
            <segment startTime="226308.0" duration="1311.0" unitType="ms"/>
        </u>
        <u speaker="CHI" id="320aac08-1cf1-4a27-9b45-dba936ae813d" excludeFromSearches="false">
            <orthography>
                <g>
                    <w>cheesei</w>
                    <p type="PERIOD">.</p>
                </g>
            </orthography>
            <ipaTier form="model">
                <pg>
                    <w>ʧizi</w>
                    <sb>
                        <ph indexes="0" scType="UK"/>
                        <ph indexes="1" scType="UK"/>
                        <ph indexes="2" scType="UK"/>
                        <ph indexes="3" scType="UK"/>
                    </sb>
                </pg>
            </ipaTier>
            <ipaTier form="actual">
                <pg>
                    <w>ʃis̪i</w>
                    <sb>
                        <ph indexes="0" scType="UK"/>
                        <ph indexes="1" scType="UK"/>
                        <ph indexes="2 3" scType="UK"/>
                        <ph indexes="4" scType="UK"/>
                    </sb>
                </pg>
            </ipaTier>
            <alignment type="segmental">
                <ag length="0"/>
            </alignment>
            <segment startTime="228717.0" duration="1675.0" unitType="ms"/>
        </u>
        <u speaker="CHI" id="99129048-4367-49ea-b128-ef8dec72bd14" excludeFromSearches="false">
            <orthography>
                <g>
                    <w>peach</w>
                    <p type="PERIOD">.</p>
                </g>
            </orthography>
            <ipaTier form="model">
                <pg>
                    <w>pʰiʧ</w>
                    <sb>
                        <ph indexes="0 1" scType="UK"/>
                        <ph indexes="2" scType="UK"/>
                        <ph indexes="3" scType="UK"/>
                    </sb>
                </pg>
            </ipaTier>
            <ipaTier form="actual">
                <pg>
                    <w>pʰiʦ</w>
                    <sb>
                        <ph indexes="0 1" scType="UK"/>
                        <ph indexes="2" scType="UK"/>
                        <ph indexes="3" scType="UK"/>
                    </sb>
                </pg>
            </ipaTier>
            <alignment type="segmental">
                <ag length="0"/>
            </alignment>
            <segment startTime="235750.0" duration="982.0" unitType="ms"/>
        </u>
        <u speaker="CHI" id="58681028-90fe-4eab-94d4-4fcc54d73c78" excludeFromSearches="false">
            <orthography>
                <g>
                    <w>peachi</w>
                    <p type="PERIOD">.</p>
                </g>
            </orthography>
            <ipaTier form="model">
                <pg>
                    <w>pʰiʧi</w>
                    <sb>
                        <ph indexes="0 1" scType="UK"/>
                        <ph indexes="2" scType="UK"/>
                        <ph indexes="3" scType="UK"/>
                        <ph indexes="4" scType="UK"/>
                    </sb>
                </pg>
            </ipaTier>
            <ipaTier form="actual">
                <pg>
                    <w>pʰiʧi</w>
                    <sb>
                        <ph indexes="0 1" scType="UK"/>
                        <ph indexes="2" scType="UK"/>
                        <ph indexes="3" scType="UK"/>
                        <ph indexes="4" scType="UK"/>
                    </sb>
                </pg>
            </ipaTier>
            <alignment type="segmental">
                <ag length="0"/>
            </alignment>
            <segment startTime="241247.0" duration="1223.0" unitType="ms"/>
        </u>
        <u speaker="CHI" id="00cf72c7-d436-4cdc-a128-afd33a197408" excludeFromSearches="false">
            <orthography>
                <g>
                    <w>watch</w>
                    <p type="PERIOD">.</p>
                </g>
            </orthography>
            <ipaTier form="model">
                <pg>
                    <w>wɑʧ</w>
                    <sb>
                        <ph indexes="0" scType="UK"/>
                        <ph indexes="1" scType="UK"/>
                        <ph indexes="2" scType="UK"/>
                    </sb>
                </pg>
            </ipaTier>
            <ipaTier form="actual">
                <pg>
                    <w>wɑʦ</w>
                    <sb>
                        <ph indexes="0" scType="UK"/>
                        <ph indexes="1" scType="UK"/>
                        <ph indexes="2" scType="UK"/>
                    </sb>
                </pg>
            </ipaTier>
            <alignment type="segmental">
                <ag length="0"/>
            </alignment>
            <segment startTime="249728.0" duration="1282.0" unitType="ms"/>
        </u>
        <u speaker="CHI" id="22d6e420-e6a9-4c24-8f07-949b28863005" excludeFromSearches="false">
            <orthography>
                <g>
                    <w>watchi</w>
                    <p type="PERIOD">.</p>
                </g>
            </orthography>
            <ipaTier form="model">
                <pg>
                    <w>wɑʧi</w>
                    <sb>
                        <ph indexes="0" scType="UK"/>
                        <ph indexes="1" scType="UK"/>
                        <ph indexes="2" scType="UK"/>
                        <ph indexes="3" scType="UK"/>
                    </sb>
                </pg>
            </ipaTier>
            <ipaTier form="actual">
                <pg>
                    <w>wɑʧi</w>
                    <sb>
                        <ph indexes="0" scType="UK"/>
                        <ph indexes="1" scType="UK"/>
                        <ph indexes="2" scType="UK"/>
                        <ph indexes="3" scType="UK"/>
                    </sb>
                </pg>
            </ipaTier>
            <alignment type="segmental">
                <ag length="0"/>
            </alignment>
            <segment startTime="252732.0" duration="1027.0" unitType="ms"/>
        </u>
        <u speaker="CHI" id="35a0a62c-5f31-4417-a0d0-5dc35a858570" excludeFromSearches="false">
            <orthography>
                <g>
                    <w>bridge</w>
                    <p type="PERIOD">.</p>
                </g>
            </orthography>
            <ipaTier form="model">
                <pg>
                    <w>brɪʤ</w>
                    <sb>
                        <ph indexes="0" scType="UK"/>
                        <ph indexes="1" scType="UK"/>
                        <ph indexes="2" scType="UK"/>
                        <ph indexes="3" scType="UK"/>
                    </sb>
                </pg>
            </ipaTier>
            <ipaTier form="actual">
                <pg>
                    <w>bwɪʤ</w>
                    <sb>
                        <ph indexes="0" scType="UK"/>
                        <ph indexes="1" scType="UK"/>
                        <ph indexes="2" scType="UK"/>
                        <ph indexes="3" scType="UK"/>
                    </sb>
                </pg>
            </ipaTier>
            <alignment type="segmental">
                <ag length="0"/>
            </alignment>
            <segment startTime="257181.0" duration="1480.0156" unitType="ms"/>
        </u>
        <u speaker="CHI" id="baffaa2b-1105-44a9-b82a-0b180cca3876" excludeFromSearches="false">
            <orthography>
                <g>
                    <w>bridgei</w>
                    <p type="PERIOD">.</p>
                </g>
            </orthography>
            <ipaTier form="model">
                <pg>
                    <w>brɪʤi</w>
                    <sb>
                        <ph indexes="0" scType="UK"/>
                        <ph indexes="1" scType="UK"/>
                        <ph indexes="2" scType="UK"/>
                        <ph indexes="3" scType="UK"/>
                        <ph indexes="4" scType="UK"/>
                    </sb>
                </pg>
            </ipaTier>
            <ipaTier form="actual">
                <pg>
                    <w>bwɪs̪i</w>
                    <sb>
                        <ph indexes="0" scType="UK"/>
                        <ph indexes="1" scType="UK"/>
                        <ph indexes="2" scType="UK"/>
                        <ph indexes="3 4" scType="UK"/>
                        <ph indexes="5" scType="UK"/>
                    </sb>
                </pg>
            </ipaTier>
            <alignment type="segmental">
                <ag length="0"/>
            </alignment>
            <segment startTime="260013.0" duration="1101.0156" unitType="ms"/>
        </u>
        <u speaker="CHI" id="dc57b63f-7216-4bb7-8655-77a79475db2c" excludeFromSearches="false">
            <orthography>
                <g>
                    <w>cage</w>
                    <p type="PERIOD">.</p>
                </g>
            </orthography>
            <ipaTier form="model">
                <pg>
                    <w>kʰeɪʤ</w>
                    <sb>
                        <ph indexes="0 1" scType="UK"/>
                        <ph indexes="2" scType="UK"/>
                        <ph indexes="3" scType="UK"/>
                        <ph indexes="4" scType="UK"/>
                    </sb>
                </pg>
            </ipaTier>
            <ipaTier form="actual">
                <pg>
                    <w>tʰeɪʤ</w>
                    <sb>
                        <ph indexes="0 1" scType="UK"/>
                        <ph indexes="2" scType="UK"/>
                        <ph indexes="3" scType="UK"/>
                        <ph indexes="4" scType="UK"/>
                    </sb>
                </pg>
            </ipaTier>
            <alignment type="segmental">
                <ag length="0"/>
            </alignment>
            <segment startTime="264938.0" duration="1172.0" unitType="ms"/>
        </u>
        <u speaker="CHI" id="410ffc43-cd6e-42e0-9d5e-1c897c0b0c39" excludeFromSearches="false">
            <orthography>
                <g>
                    <w>cagei</w>
                    <p type="PERIOD">.</p>
                </g>
            </orthography>
            <ipaTier form="model">
                <pg>
                    <w>kʰeɪʤi</w>
                    <sb>
                        <ph indexes="0 1" scType="UK"/>
                        <ph indexes="2" scType="UK"/>
                        <ph indexes="3" scType="UK"/>
                        <ph indexes="4" scType="UK"/>
                        <ph indexes="5" scType="UK"/>
                    </sb>
                </pg>
            </ipaTier>
            <ipaTier form="actual">
                <pg>
                    <w>tʰeɪʤi</w>
                    <sb>
                        <ph indexes="0 1" scType="UK"/>
                        <ph indexes="2" scType="UK"/>
                        <ph indexes="3" scType="UK"/>
                        <ph indexes="4" scType="UK"/>
                        <ph indexes="5" scType="UK"/>
                    </sb>
                </pg>
            </ipaTier>
            <alignment type="segmental">
                <ag length="0"/>
            </alignment>
            <segment startTime="267618.0" duration="1304.0" unitType="ms"/>
        </u>
        <u speaker="CHI" id="5b8ac30a-537f-41fb-87c4-30c46d51bddc" excludeFromSearches="false">
            <orthography>
                <g>
                    <w>splash</w>
                    <p type="PERIOD">.</p>
                </g>
            </orthography>
            <ipaTier form="model">
                <pg>
                    <w>splæʃ</w>
                    <sb>
                        <ph indexes="0" scType="UK"/>
                        <ph indexes="1" scType="UK"/>
                        <ph indexes="2" scType="UK"/>
                        <ph indexes="3" scType="UK"/>
                        <ph indexes="4" scType="UK"/>
                    </sb>
                </pg>
            </ipaTier>
            <ipaTier form="actual">
                <pg>
                    <w>s̪wæʦ</w>
                    <sb>
                        <ph indexes="0 1" scType="UK"/>
                        <ph indexes="2" scType="UK"/>
                        <ph indexes="3" scType="UK"/>
                        <ph indexes="4" scType="UK"/>
                    </sb>
                </pg>
            </ipaTier>
            <alignment type="segmental">
                <ag length="0"/>
            </alignment>
            <segment startTime="276805.0" duration="1414.0" unitType="ms"/>
        </u>
        <u speaker="CHI" id="653ea4eb-91f2-488b-9ca3-48028b8594f8" excludeFromSearches="false">
            <orthography>
                <g>
                    <w>splashing</w>
                    <p type="PERIOD">.</p>
                </g>
            </orthography>
            <ipaTier form="model">
                <pg>
                    <w>splæʃɪŋ</w>
                    <sb>
                        <ph indexes="0" scType="UK"/>
                        <ph indexes="1" scType="UK"/>
                        <ph indexes="2" scType="UK"/>
                        <ph indexes="3" scType="UK"/>
                        <ph indexes="4" scType="UK"/>
                        <ph indexes="5" scType="UK"/>
                        <ph indexes="6" scType="UK"/>
                    </sb>
                </pg>
            </ipaTier>
            <ipaTier form="actual">
                <pg>
                    <w>s̪wæs̪in</w>
                    <sb>
                        <ph indexes="0 1" scType="UK"/>
                        <ph indexes="2" scType="UK"/>
                        <ph indexes="3" scType="UK"/>
                        <ph indexes="4 5" scType="UK"/>
                        <ph indexes="6" scType="UK"/>
                        <ph indexes="7" scType="UK"/>
                    </sb>
                </pg>
            </ipaTier>
            <alignment type="segmental">
                <ag length="0"/>
            </alignment>
            <segment startTime="279515.0" duration="1403.0" unitType="ms"/>
        </u>
        <u speaker="CHI" id="5bc822f0-e703-45a6-8298-640ed70c532b" excludeFromSearches="false">
            <orthography>
                <g>
                    <w>catch</w>
                    <p type="PERIOD">.</p>
                </g>
            </orthography>
            <ipaTier form="model">
                <pg>
                    <w>kʰɛʧ</w>
                    <sb>
                        <ph indexes="0 1" scType="UK"/>
                        <ph indexes="2" scType="UK"/>
                        <ph indexes="3" scType="UK"/>
                    </sb>
                </pg>
            </ipaTier>
            <ipaTier form="actual">
                <pg>
                    <w>tʰɛʧ</w>
                    <sb>
                        <ph indexes="0 1" scType="UK"/>
                        <ph indexes="2" scType="UK"/>
                        <ph indexes="3" scType="UK"/>
                    </sb>
                </pg>
            </ipaTier>
            <alignment type="segmental">
                <ag length="0"/>
            </alignment>
            <segment startTime="284134.0" duration="1216.0" unitType="ms"/>
        </u>
        <u speaker="CHI" id="c91972e3-65f8-4fc7-963c-c13ce87a9980" excludeFromSearches="false">
            <orthography>
                <g>
                    <w>catching</w>
                    <p type="PERIOD">.</p>
                </g>
            </orthography>
            <ipaTier form="model">
                <pg>
                    <w>kʰɛʧɪŋ</w>
                    <sb>
                        <ph indexes="0 1" scType="UK"/>
                        <ph indexes="2" scType="UK"/>
                        <ph indexes="3" scType="UK"/>
                        <ph indexes="4" scType="UK"/>
                        <ph indexes="5" scType="UK"/>
                    </sb>
                </pg>
            </ipaTier>
            <ipaTier form="actual">
                <pg>
                    <w>tʰɛʦ̪ɪn</w>
                    <sb>
                        <ph indexes="0 1" scType="UK"/>
                        <ph indexes="2" scType="UK"/>
                        <ph indexes="3 4" scType="UK"/>
                        <ph indexes="5" scType="UK"/>
                        <ph indexes="6" scType="UK"/>
                    </sb>
                </pg>
            </ipaTier>
            <alignment type="segmental">
                <ag length="0"/>
            </alignment>
            <segment startTime="287031.0" duration="1353.0" unitType="ms"/>
        </u>
        <u speaker="CHI" id="3672463e-bb8d-46e6-af1d-a8aa08101fbb" excludeFromSearches="false">
            <orthography>
                <g>
                    <w>shave</w>
                    <p type="PERIOD">.</p>
                </g>
            </orthography>
            <ipaTier form="model">
                <pg>
                    <w>ʃeɪv</w>
                    <sb>
                        <ph indexes="0" scType="UK"/>
                        <ph indexes="1" scType="UK"/>
                        <ph indexes="2" scType="UK"/>
                        <ph indexes="3" scType="UK"/>
                    </sb>
                </pg>
            </ipaTier>
            <ipaTier form="actual">
                <pg>
                    <w>s̪eɪf</w>
                    <sb>
                        <ph indexes="0 1" scType="UK"/>
                        <ph indexes="2" scType="UK"/>
                        <ph indexes="3" scType="UK"/>
                        <ph indexes="4" scType="UK"/>
                    </sb>
                </pg>
            </ipaTier>
            <alignment type="segmental">
                <ag length="0"/>
            </alignment>
            <segment startTime="290302.0" duration="1267.0" unitType="ms"/>
        </u>
        <u speaker="CHI" id="bb907a75-fa66-4ead-b7e9-11c61ef4bc35" excludeFromSearches="false">
            <orthography>
                <g>
                    <w>shaving</w>
                    <p type="PERIOD">.</p>
                </g>
            </orthography>
            <ipaTier form="model">
                <pg>
                    <w>ʃeɪvɪŋ</w>
                    <sb>
                        <ph indexes="0" scType="UK"/>
                        <ph indexes="1" scType="UK"/>
                        <ph indexes="2" scType="UK"/>
                        <ph indexes="3" scType="UK"/>
                        <ph indexes="4" scType="UK"/>
                        <ph indexes="5" scType="UK"/>
                    </sb>
                </pg>
            </ipaTier>
            <ipaTier form="actual">
                <pg>
                    <w>s̪eɪvi</w>
                    <sb>
                        <ph indexes="0 1" scType="UK"/>
                        <ph indexes="2" scType="UK"/>
                        <ph indexes="3" scType="UK"/>
                        <ph indexes="4" scType="UK"/>
                        <ph indexes="5" scType="UK"/>
                    </sb>
                </pg>
            </ipaTier>
            <alignment type="segmental">
                <ag length="0"/>
            </alignment>
            <segment startTime="292775.0" duration="1871.0" unitType="ms"/>
        </u>
        <u speaker="CHI" id="3354caee-feb5-4229-a78e-49287710a87f" excludeFromSearches="false">
            <orthography>
                <g>
                    <w>crash</w>
                    <p type="PERIOD">.</p>
                </g>
            </orthography>
            <ipaTier form="model">
                <pg>
                    <w>kræʃ</w>
                    <sb>
                        <ph indexes="0" scType="UK"/>
                        <ph indexes="1" scType="UK"/>
                        <ph indexes="2" scType="UK"/>
                        <ph indexes="3" scType="UK"/>
                    </sb>
                </pg>
            </ipaTier>
            <ipaTier form="actual">
                <pg>
                    <w>pwæʦ</w>
                    <sb>
                        <ph indexes="0" scType="UK"/>
                        <ph indexes="1" scType="UK"/>
                        <ph indexes="2" scType="UK"/>
                        <ph indexes="3" scType="UK"/>
                    </sb>
                </pg>
            </ipaTier>
            <alignment type="segmental">
                <ag length="0"/>
            </alignment>
            <segment startTime="300240.0" duration="1407.0" unitType="ms"/>
        </u>
        <u speaker="CHI" id="9928029d-0891-4f93-af6a-ed374cdc3f94" excludeFromSearches="false">
            <orthography>
                <g>
                    <w>crashing</w>
                    <p type="PERIOD">.</p>
                </g>
            </orthography>
            <ipaTier form="model">
                <pg>
                    <w>kræʃɪŋ</w>
                    <sb>
                        <ph indexes="0" scType="UK"/>
                        <ph indexes="1" scType="UK"/>
                        <ph indexes="2" scType="UK"/>
                        <ph indexes="3" scType="UK"/>
                        <ph indexes="4" scType="UK"/>
                        <ph indexes="5" scType="UK"/>
                    </sb>
                </pg>
            </ipaTier>
            <ipaTier form="actual">
                <pg>
                    <w>pwæsɪn</w>
                    <sb>
                        <ph indexes="0" scType="UK"/>
                        <ph indexes="1" scType="UK"/>
                        <ph indexes="2" scType="UK"/>
                        <ph indexes="3" scType="UK"/>
                        <ph indexes="4" scType="UK"/>
                        <ph indexes="5" scType="UK"/>
                    </sb>
                </pg>
            </ipaTier>
            <alignment type="segmental">
                <ag length="0"/>
            </alignment>
            <segment startTime="302706.0" duration="1910.0" unitType="ms"/>
        </u>
    </transcript>
</session>
