<?xml version="1.0" encoding="UTF-8" standalone="yes"?>
<session xmlns="http://phon.ling.mun.ca/ns/phonbank" id="030911" corpus="PD27" version="PB1.2">
    <header>
        <date>1984-01-01</date>
        <language>eng</language>
        <media>030911.wav</media>
    </header>
    <participants>
        <participant id="CHI">
            <role>Target Child</role>
            <name>PD27</name>
            <sex>male</sex>
            <birthday>1984-01-01</birthday>
            <age>P3Y9M11DT0H0M0S</age>
            <language>eng</language>
        </participant>
    </participants>
    <transcribers/>
    <userTiers/>
    <tierOrder>
        <tier tierName="Orthography" visible="true" locked="false" font="default"/>
        <tier tierName="IPA Target" visible="true" locked="false" font="default"/>
        <tier tierName="IPA Actual" visible="true" locked="false" font="default"/>
        <tier tierName="Notes" visible="true" locked="false" font="default"/>
        <tier tierName="Segment" visible="true" locked="false" font="default"/>
    </tierOrder>
    <transcript>
        <comment type="Code">pid 11312/c-00042633-1</comment>
        <comment type="Date">01-JAN-1984</comment>
        <u speaker="CHI" id="2473806c-153f-4aa7-aa1d-f584c834e7b2" excludeFromSearches="false">
            <orthography>
                <g>
                    <w>shark</w>
                    <p type="PERIOD">.</p>
                </g>
            </orthography>
            <ipaTier form="model">
                <pg>
                    <w>ʃɑrk</w>
                    <sb>
                        <ph indexes="0" scType="UK"/>
                        <ph indexes="1" scType="UK"/>
                        <ph indexes="2" scType="UK"/>
                        <ph indexes="3" scType="UK"/>
                    </sb>
                </pg>
            </ipaTier>
            <ipaTier form="actual">
                <pg>
                    <w>s̪ɑrtʰ</w>
                    <sb>
                        <ph indexes="0 1" scType="UK"/>
                        <ph indexes="2" scType="UK"/>
                        <ph indexes="3" scType="UK"/>
                        <ph indexes="4 5" scType="UK"/>
                    </sb>
                </pg>
            </ipaTier>
            <alignment type="segmental">
                <ag length="0"/>
            </alignment>
            <segment startTime="35872.0" duration="1993.0" unitType="ms"/>
        </u>
        <u speaker="CHI" id="8c3a22d5-4a8c-466c-b417-11084ac81cde" excludeFromSearches="false">
            <orthography>
                <g>
                    <w>teeth</w>
                    <p type="PERIOD">.</p>
                </g>
            </orthography>
            <ipaTier form="model">
                <pg>
                    <w>tʰiθ</w>
                    <sb>
                        <ph indexes="0 1" scType="UK"/>
                        <ph indexes="2" scType="UK"/>
                        <ph indexes="3" scType="UK"/>
                    </sb>
                </pg>
            </ipaTier>
            <ipaTier form="actual">
                <pg>
                    <w>tʰif</w>
                    <sb>
                        <ph indexes="0 1" scType="UK"/>
                        <ph indexes="2" scType="UK"/>
                        <ph indexes="3" scType="UK"/>
                    </sb>
                </pg>
            </ipaTier>
            <alignment type="segmental">
                <ag length="0"/>
            </alignment>
            <segment startTime="39386.0" duration="1141.0" unitType="ms"/>
        </u>
        <u speaker="CHI" id="da3780de-b16d-41e9-8875-fdc25d64df84" excludeFromSearches="false">
            <orthography>
                <g>
                    <w>shovel</w>
                    <p type="PERIOD">.</p>
                </g>
            </orthography>
            <ipaTier form="model">
                <pg>
                    <w>ʃʌvəl</w>
                    <sb>
                        <ph indexes="0" scType="UK"/>
                        <ph indexes="1" scType="UK"/>
                        <ph indexes="2" scType="UK"/>
                        <ph indexes="3" scType="UK"/>
                        <ph indexes="4" scType="UK"/>
                    </sb>
                </pg>
            </ipaTier>
            <ipaTier form="actual">
                <pg>
                    <w>sʌvoʊ</w>
                    <sb>
                        <ph indexes="0" scType="UK"/>
                        <ph indexes="1" scType="UK"/>
                        <ph indexes="2" scType="UK"/>
                        <ph indexes="3" scType="UK"/>
                        <ph indexes="4" scType="UK"/>
                    </sb>
                </pg>
            </ipaTier>
            <alignment type="segmental">
                <ag length="0"/>
            </alignment>
            <segment startTime="47721.0" duration="1092.0" unitType="ms"/>
        </u>
        <u speaker="CHI" id="19d33d2a-2930-4217-bb70-7c550a6dfc45" excludeFromSearches="false">
            <orthography>
                <g>
                    <w>this</w>
                    <p type="PERIOD">.</p>
                </g>
            </orthography>
            <ipaTier form="model">
                <pg>
                    <w>ðɪs</w>
                    <sb>
                        <ph indexes="0" scType="UK"/>
                        <ph indexes="1" scType="UK"/>
                        <ph indexes="2" scType="UK"/>
                    </sb>
                </pg>
            </ipaTier>
            <ipaTier form="actual">
                <pg>
                    <w>dɪs̪</w>
                    <sb>
                        <ph indexes="0" scType="UK"/>
                        <ph indexes="1" scType="UK"/>
                        <ph indexes="2 3" scType="UK"/>
                    </sb>
                </pg>
            </ipaTier>
            <alignment type="segmental">
                <ag length="0"/>
            </alignment>
            <segment startTime="51850.0" duration="1143.0" unitType="ms"/>
        </u>
        <u speaker="CHI" id="0214737a-2ba5-4551-af24-d5471e533511" excludeFromSearches="false">
            <orthography>
                <g>
                    <w>there</w>
                    <p type="PERIOD">.</p>
                </g>
            </orthography>
            <ipaTier form="model">
                <pg>
                    <w>ðɛr</w>
                    <sb>
                        <ph indexes="0" scType="UK"/>
                        <ph indexes="1" scType="UK"/>
                        <ph indexes="2" scType="UK"/>
                    </sb>
                </pg>
            </ipaTier>
            <ipaTier form="actual">
                <pg>
                    <w>deɪjɚ</w>
                    <sb>
                        <ph indexes="0" scType="UK"/>
                        <ph indexes="1" scType="UK"/>
                        <ph indexes="2" scType="UK"/>
                        <ph indexes="3" scType="UK"/>
                        <ph indexes="4" scType="UK"/>
                    </sb>
                </pg>
            </ipaTier>
            <alignment type="segmental">
                <ag length="0"/>
            </alignment>
            <segment startTime="57033.0" duration="1267.0" unitType="ms"/>
        </u>
        <u speaker="CHI" id="d0528f46-e40f-4d3f-bf63-33503e89af49" excludeFromSearches="false">
            <orthography>
                <g>
                    <w>stretch</w>
                    <p type="PERIOD">.</p>
                </g>
            </orthography>
            <ipaTier form="model">
                <pg>
                    <w>strɛʧ</w>
                    <sb>
                        <ph indexes="0" scType="UK"/>
                        <ph indexes="1" scType="UK"/>
                        <ph indexes="2" scType="UK"/>
                        <ph indexes="3" scType="UK"/>
                        <ph indexes="4" scType="UK"/>
                    </sb>
                </pg>
            </ipaTier>
            <ipaTier form="actual">
                <pg>
                    <w>s̪wɛʦ</w>
                    <sb>
                        <ph indexes="0 1" scType="UK"/>
                        <ph indexes="2" scType="UK"/>
                        <ph indexes="3" scType="UK"/>
                        <ph indexes="4" scType="UK"/>
                    </sb>
                </pg>
            </ipaTier>
            <alignment type="segmental">
                <ag length="0"/>
            </alignment>
            <segment startTime="60407.0" duration="2198.0" unitType="ms"/>
        </u>
        <u speaker="CHI" id="bca4fb51-8e6a-4c13-8103-eacf31c9d8f1" excludeFromSearches="false">
            <orthography>
                <g>
                    <w>chicken</w>
                    <p type="PERIOD">.</p>
                </g>
            </orthography>
            <ipaTier form="model">
                <pg>
                    <w>ʧɪkɪn</w>
                    <sb>
                        <ph indexes="0" scType="UK"/>
                        <ph indexes="1" scType="UK"/>
                        <ph indexes="2" scType="UK"/>
                        <ph indexes="3" scType="UK"/>
                        <ph indexes="4" scType="UK"/>
                    </sb>
                </pg>
            </ipaTier>
            <ipaTier form="actual">
                <pg>
                    <w>ʧɪkɪn</w>
                    <sb>
                        <ph indexes="0" scType="UK"/>
                        <ph indexes="1" scType="UK"/>
                        <ph indexes="2" scType="UK"/>
                        <ph indexes="3" scType="UK"/>
                        <ph indexes="4" scType="UK"/>
                    </sb>
                </pg>
            </ipaTier>
            <alignment type="segmental">
                <ag length="0"/>
            </alignment>
            <segment startTime="70453.0" duration="1209.0" unitType="ms"/>
        </u>
        <u speaker="CHI" id="480595ca-f7c3-46a0-9bf2-26c430931878" excludeFromSearches="false">
            <orthography>
                <g>
                    <w>jeep</w>
                    <p type="PERIOD">.</p>
                </g>
            </orthography>
            <ipaTier form="model">
                <pg>
                    <w>ʤip</w>
                    <sb>
                        <ph indexes="0" scType="UK"/>
                        <ph indexes="1" scType="UK"/>
                        <ph indexes="2" scType="UK"/>
                    </sb>
                </pg>
            </ipaTier>
            <ipaTier form="actual">
                <pg>
                    <w>ʤipʰ</w>
                    <sb>
                        <ph indexes="0" scType="UK"/>
                        <ph indexes="1" scType="UK"/>
                        <ph indexes="2 3" scType="UK"/>
                    </sb>
                </pg>
            </ipaTier>
            <alignment type="segmental">
                <ag length="0"/>
            </alignment>
            <segment startTime="77438.0" duration="1253.0" unitType="ms"/>
        </u>
        <u speaker="CHI" id="03068414-d3b2-453a-9411-62dee2741170" excludeFromSearches="false">
            <orthography>
                <g>
                    <w>rabbit</w>
                    <p type="PERIOD">.</p>
                </g>
            </orthography>
            <ipaTier form="model">
                <pg>
                    <w>ræbɪt</w>
                    <sb>
                        <ph indexes="0" scType="UK"/>
                        <ph indexes="1" scType="UK"/>
                        <ph indexes="2" scType="UK"/>
                        <ph indexes="3" scType="UK"/>
                        <ph indexes="4" scType="UK"/>
                    </sb>
                </pg>
            </ipaTier>
            <ipaTier form="actual">
                <pg>
                    <w>wæbɪt</w>
                    <sb>
                        <ph indexes="0" scType="UK"/>
                        <ph indexes="1" scType="UK"/>
                        <ph indexes="2" scType="UK"/>
                        <ph indexes="3" scType="UK"/>
                        <ph indexes="4" scType="UK"/>
                    </sb>
                </pg>
            </ipaTier>
            <alignment type="segmental">
                <ag length="0"/>
            </alignment>
            <segment startTime="105427.0" duration="1121.0" unitType="ms"/>
        </u>
        <u speaker="CHI" id="5d13eda6-a49c-4dc2-87e4-fa08af84a1a1" excludeFromSearches="false">
            <orthography>
                <g>
                    <w>other</w>
                    <p type="PERIOD">.</p>
                </g>
            </orthography>
            <ipaTier form="model">
                <pg>
                    <w>ʌðɚ</w>
                    <sb>
                        <ph indexes="0" scType="UK"/>
                        <ph indexes="1" scType="UK"/>
                        <ph indexes="2" scType="UK"/>
                    </sb>
                </pg>
            </ipaTier>
            <ipaTier form="actual">
                <pg>
                    <w>ʌvɚ</w>
                    <sb>
                        <ph indexes="0" scType="UK"/>
                        <ph indexes="1" scType="UK"/>
                        <ph indexes="2" scType="UK"/>
                    </sb>
                </pg>
            </ipaTier>
            <alignment type="segmental">
                <ag length="0"/>
            </alignment>
            <segment startTime="110329.0" duration="1209.0" unitType="ms"/>
        </u>
        <u speaker="CHI" id="b8d67e6d-7b4f-4e18-aa1f-1b5b3fca2c98" excludeFromSearches="false">
            <orthography>
                <g>
                    <w>magician</w>
                    <p type="PERIOD">.</p>
                </g>
            </orthography>
            <ipaTier form="model">
                <pg>
                    <w>məʤɪʃɪn</w>
                    <sb>
                        <ph indexes="0" scType="UK"/>
                        <ph indexes="1" scType="UK"/>
                        <ph indexes="2" scType="UK"/>
                        <ph indexes="3" scType="UK"/>
                        <ph indexes="4" scType="UK"/>
                        <ph indexes="5" scType="UK"/>
                        <ph indexes="6" scType="UK"/>
                    </sb>
                </pg>
            </ipaTier>
            <ipaTier form="actual">
                <pg>
                    <w>əʤɪs̪ɪn</w>
                    <sb>
                        <ph indexes="0" scType="UK"/>
                        <ph indexes="1" scType="UK"/>
                        <ph indexes="2" scType="UK"/>
                        <ph indexes="3 4" scType="UK"/>
                        <ph indexes="5" scType="UK"/>
                        <ph indexes="6" scType="UK"/>
                    </sb>
                </pg>
            </ipaTier>
            <alignment type="segmental">
                <ag length="0"/>
            </alignment>
            <segment startTime="118025.0" duration="1531.0" unitType="ms"/>
        </u>
        <u speaker="CHI" id="cb6f0600-1a48-4900-b704-19c215513129" excludeFromSearches="false">
            <orthography>
                <g>
                    <w>ocean</w>
                    <p type="PERIOD">.</p>
                </g>
            </orthography>
            <ipaTier form="model">
                <pg>
                    <w>oʊʃɪn</w>
                    <sb>
                        <ph indexes="0" scType="UK"/>
                        <ph indexes="1" scType="UK"/>
                        <ph indexes="2" scType="UK"/>
                        <ph indexes="3" scType="UK"/>
                        <ph indexes="4" scType="UK"/>
                    </sb>
                </pg>
            </ipaTier>
            <ipaTier form="actual">
                <pg>
                    <w>oʊs̪ɪn</w>
                    <sb>
                        <ph indexes="0" scType="UK"/>
                        <ph indexes="1" scType="UK"/>
                        <ph indexes="2 3" scType="UK"/>
                        <ph indexes="4" scType="UK"/>
                        <ph indexes="5" scType="UK"/>
                    </sb>
                </pg>
            </ipaTier>
            <alignment type="segmental">
                <ag length="0"/>
            </alignment>
            <segment startTime="123149.0" duration="769.0" unitType="ms"/>
        </u>
        <u speaker="CHI" id="fb254e30-d371-4aff-818c-3658343c57eb" excludeFromSearches="false">
            <orthography>
                <g>
                    <w>teacher</w>
                    <p type="PERIOD">.</p>
                </g>
            </orthography>
            <ipaTier form="model">
                <pg>
                    <w>tʰiʧɚ</w>
                    <sb>
                        <ph indexes="0 1" scType="UK"/>
                        <ph indexes="2" scType="UK"/>
                        <ph indexes="3" scType="UK"/>
                        <ph indexes="4" scType="UK"/>
                    </sb>
                </pg>
            </ipaTier>
            <ipaTier form="actual">
                <pg>
                    <w>tʰiʧɚ</w>
                    <sb>
                        <ph indexes="0 1" scType="UK"/>
                        <ph indexes="2" scType="UK"/>
                        <ph indexes="3" scType="UK"/>
                        <ph indexes="4" scType="UK"/>
                    </sb>
                </pg>
            </ipaTier>
            <alignment type="segmental">
                <ag length="0"/>
            </alignment>
            <segment startTime="133581.0" duration="1429.0" unitType="ms"/>
        </u>
        <u speaker="CHI" id="c634da97-99c6-42f0-9181-eceea1d30390" excludeFromSearches="false">
            <orthography>
                <g>
                    <w>finger</w>
                    <p type="PERIOD">.</p>
                </g>
            </orthography>
            <ipaTier form="model">
                <pg>
                    <w>fiŋgɚ</w>
                    <sb>
                        <ph indexes="0" scType="UK"/>
                        <ph indexes="1" scType="UK"/>
                        <ph indexes="2" scType="UK"/>
                        <ph indexes="3" scType="UK"/>
                        <ph indexes="4" scType="UK"/>
                    </sb>
                </pg>
            </ipaTier>
            <ipaTier form="actual">
                <pg>
                    <w>bɪndɚ</w>
                    <sb>
                        <ph indexes="0" scType="UK"/>
                        <ph indexes="1" scType="UK"/>
                        <ph indexes="2" scType="UK"/>
                        <ph indexes="3" scType="UK"/>
                        <ph indexes="4" scType="UK"/>
                    </sb>
                </pg>
            </ipaTier>
            <alignment type="segmental">
                <ag length="0"/>
            </alignment>
            <segment startTime="137145.0" duration="1267.0" unitType="ms"/>
        </u>
        <u speaker="CHI" id="e6b91a7e-dcd8-4831-9924-1401a2edf845" excludeFromSearches="false">
            <orthography>
                <g>
                    <w>chair</w>
                    <p type="PERIOD">.</p>
                </g>
            </orthography>
            <ipaTier form="model">
                <pg>
                    <w>ʧɛr</w>
                    <sb>
                        <ph indexes="0" scType="UK"/>
                        <ph indexes="1" scType="UK"/>
                        <ph indexes="2" scType="UK"/>
                    </sb>
                </pg>
            </ipaTier>
            <ipaTier form="actual">
                <pg>
                    <w>ʤeɪjɚ</w>
                    <sb>
                        <ph indexes="0" scType="UK"/>
                        <ph indexes="1" scType="UK"/>
                        <ph indexes="2" scType="UK"/>
                        <ph indexes="3" scType="UK"/>
                        <ph indexes="4" scType="UK"/>
                    </sb>
                </pg>
            </ipaTier>
            <alignment type="segmental">
                <ag length="0"/>
            </alignment>
            <segment startTime="142348.0" duration="1114.0" unitType="ms"/>
        </u>
        <u speaker="CHI" id="af4a43bd-fb62-4789-a7f9-b5309d3e325a" excludeFromSearches="false">
            <orthography>
                <g>
                    <w>shower</w>
                    <p type="PERIOD">.</p>
                </g>
            </orthography>
            <ipaTier form="model">
                <pg>
                    <w>ʃɑʊwɚ</w>
                    <sb>
                        <ph indexes="0" scType="UK"/>
                        <ph indexes="1" scType="UK"/>
                        <ph indexes="2" scType="UK"/>
                        <ph indexes="3" scType="UK"/>
                        <ph indexes="4" scType="UK"/>
                    </sb>
                </pg>
            </ipaTier>
            <ipaTier form="actual">
                <pg>
                    <w>s̪ɑʊwɚ</w>
                    <sb>
                        <ph indexes="0 1" scType="UK"/>
                        <ph indexes="2" scType="UK"/>
                        <ph indexes="3" scType="UK"/>
                        <ph indexes="4" scType="UK"/>
                        <ph indexes="5" scType="UK"/>
                    </sb>
                </pg>
            </ipaTier>
            <alignment type="segmental">
                <ag length="0"/>
            </alignment>
            <segment startTime="151601.0" duration="1106.0" unitType="ms"/>
        </u>
        <u speaker="CHI" id="adb2265c-107b-4fde-987b-7643ca3a905e" excludeFromSearches="false">
            <orthography>
                <g>
                    <w>judge</w>
                    <p type="PERIOD">.</p>
                </g>
            </orthography>
            <ipaTier form="model">
                <pg>
                    <w>ʤʌʤ</w>
                    <sb>
                        <ph indexes="0" scType="UK"/>
                        <ph indexes="1" scType="UK"/>
                        <ph indexes="2" scType="UK"/>
                    </sb>
                </pg>
            </ipaTier>
            <ipaTier form="actual">
                <pg>
                    <w>ʤʌʣ</w>
                    <sb>
                        <ph indexes="0" scType="UK"/>
                        <ph indexes="1" scType="UK"/>
                        <ph indexes="2" scType="UK"/>
                    </sb>
                </pg>
            </ipaTier>
            <alignment type="segmental">
                <ag length="0"/>
            </alignment>
            <segment startTime="156168.0" duration="1538.0" unitType="ms"/>
        </u>
        <u speaker="CHI" id="8b2a22c9-eb9d-4a99-8d9f-b674c4f1496e" excludeFromSearches="false">
            <orthography>
                <g>
                    <w>jelly</w>
                    <p type="PERIOD">.</p>
                </g>
            </orthography>
            <ipaTier form="model">
                <pg>
                    <w>ʤɛli</w>
                    <sb>
                        <ph indexes="0" scType="UK"/>
                        <ph indexes="1" scType="UK"/>
                        <ph indexes="2" scType="UK"/>
                        <ph indexes="3" scType="UK"/>
                    </sb>
                </pg>
            </ipaTier>
            <ipaTier form="actual">
                <pg>
                    <w>ʤɛwi</w>
                    <sb>
                        <ph indexes="0" scType="UK"/>
                        <ph indexes="1" scType="UK"/>
                        <ph indexes="2" scType="UK"/>
                        <ph indexes="3" scType="UK"/>
                    </sb>
                </pg>
            </ipaTier>
            <alignment type="segmental">
                <ag length="0"/>
            </alignment>
            <segment startTime="164065.0" duration="982.0" unitType="ms"/>
        </u>
        <u speaker="CHI" id="4fdacd7b-e942-4be7-bc2f-2a5f3de3b1f6" excludeFromSearches="false">
            <orthography>
                <g>
                    <w>frenchfries</w>
                    <p type="PERIOD">.</p>
                </g>
            </orthography>
            <ipaTier form="model">
                <pg>
                    <w>frɛnʧfrɑɪz</w>
                    <sb>
                        <ph indexes="0" scType="UK"/>
                        <ph indexes="1" scType="UK"/>
                        <ph indexes="2" scType="UK"/>
                        <ph indexes="3" scType="UK"/>
                        <ph indexes="4" scType="UK"/>
                        <ph indexes="5" scType="UK"/>
                        <ph indexes="6" scType="UK"/>
                        <ph indexes="7" scType="UK"/>
                        <ph indexes="8" scType="UK"/>
                        <ph indexes="9" scType="UK"/>
                    </sb>
                </pg>
            </ipaTier>
            <ipaTier form="actual">
                <pg>
                    <w>s̪wɛnʦ</w>
                    <w>ʃwɑɪs̪</w>
                    <sb>
                        <ph indexes="0 1" scType="UK"/>
                        <ph indexes="2" scType="UK"/>
                        <ph indexes="3" scType="UK"/>
                        <ph indexes="4" scType="UK"/>
                        <ph indexes="5" scType="UK"/>
                        <ph indexes="6" scType="WB"/>
                        <ph indexes="7" scType="UK"/>
                        <ph indexes="8" scType="UK"/>
                        <ph indexes="9" scType="UK"/>
                        <ph indexes="10" scType="UK"/>
                        <ph indexes="11 12" scType="UK"/>
                    </sb>
                </pg>
            </ipaTier>
            <alignment type="segmental">
                <ag length="0"/>
            </alignment>
            <segment startTime="172706.0" duration="2410.0" unitType="ms"/>
        </u>
        <u speaker="CHI" id="e3c6ad16-1a76-4f51-8c8e-5e59db99a946" excludeFromSearches="false">
            <orthography>
                <g>
                    <w>shoes</w>
                    <p type="PERIOD">.</p>
                </g>
            </orthography>
            <ipaTier form="model">
                <pg>
                    <w>ʃuz</w>
                    <sb>
                        <ph indexes="0" scType="UK"/>
                        <ph indexes="1" scType="UK"/>
                        <ph indexes="2" scType="UK"/>
                    </sb>
                </pg>
            </ipaTier>
            <ipaTier form="actual">
                <pg>
                    <w>s̪us̪</w>
                    <sb>
                        <ph indexes="0 1" scType="UK"/>
                        <ph indexes="2" scType="UK"/>
                        <ph indexes="3 4" scType="UK"/>
                    </sb>
                </pg>
            </ipaTier>
            <alignment type="segmental">
                <ag length="0"/>
            </alignment>
            <segment startTime="180604.0" duration="1399.0" unitType="ms"/>
        </u>
        <u speaker="CHI" id="e9795422-3ca7-4209-9893-5c0d903bd29a" excludeFromSearches="false">
            <orthography>
                <g>
                    <w>jumping</w>
                    <p type="PERIOD">.</p>
                </g>
            </orthography>
            <ipaTier form="model">
                <pg>
                    <w>ʤʌmpɪŋ</w>
                    <sb>
                        <ph indexes="0" scType="UK"/>
                        <ph indexes="1" scType="UK"/>
                        <ph indexes="2" scType="UK"/>
                        <ph indexes="3" scType="UK"/>
                        <ph indexes="4" scType="UK"/>
                        <ph indexes="5" scType="UK"/>
                    </sb>
                </pg>
            </ipaTier>
            <ipaTier form="actual">
                <pg>
                    <w>ʤʌmpɪn</w>
                    <sb>
                        <ph indexes="0" scType="UK"/>
                        <ph indexes="1" scType="UK"/>
                        <ph indexes="2" scType="UK"/>
                        <ph indexes="3" scType="UK"/>
                        <ph indexes="4" scType="UK"/>
                        <ph indexes="5" scType="UK"/>
                    </sb>
                </pg>
            </ipaTier>
            <alignment type="segmental">
                <ag length="0"/>
            </alignment>
            <segment startTime="184221.0" duration="1084.0" unitType="ms"/>
        </u>
        <u speaker="CHI" id="e75b8615-97e6-4bdd-9634-8e320c5f30f2" excludeFromSearches="false">
            <orthography>
                <g>
                    <w>chain</w>
                    <p type="PERIOD">.</p>
                </g>
            </orthography>
            <ipaTier form="model">
                <pg>
                    <w>ʧeɪn</w>
                    <sb>
                        <ph indexes="0" scType="UK"/>
                        <ph indexes="1" scType="UK"/>
                        <ph indexes="2" scType="UK"/>
                        <ph indexes="3" scType="UK"/>
                    </sb>
                </pg>
            </ipaTier>
            <ipaTier form="actual">
                <pg>
                    <w>ʧeɪn</w>
                    <sb>
                        <ph indexes="0" scType="UK"/>
                        <ph indexes="1" scType="UK"/>
                        <ph indexes="2" scType="UK"/>
                        <ph indexes="3" scType="UK"/>
                    </sb>
                </pg>
            </ipaTier>
            <alignment type="segmental">
                <ag length="0"/>
            </alignment>
            <segment startTime="189281.0" duration="1062.0" unitType="ms"/>
        </u>
        <u speaker="CHI" id="76d2323b-a79c-4e68-9f75-05591c8d59c1" excludeFromSearches="false">
            <orthography>
                <g>
                    <w>fish</w>
                    <p type="PERIOD">.</p>
                </g>
            </orthography>
            <ipaTier form="model">
                <pg>
                    <w>fɪʃ</w>
                    <sb>
                        <ph indexes="0" scType="UK"/>
                        <ph indexes="1" scType="UK"/>
                        <ph indexes="2" scType="UK"/>
                    </sb>
                </pg>
            </ipaTier>
            <ipaTier form="actual">
                <pg>
                    <w>bɪs̪</w>
                    <sb>
                        <ph indexes="0" scType="UK"/>
                        <ph indexes="1" scType="UK"/>
                        <ph indexes="2 3" scType="UK"/>
                    </sb>
                </pg>
            </ipaTier>
            <alignment type="segmental">
                <ag length="0"/>
            </alignment>
            <segment startTime="193987.0" duration="960.0" unitType="ms"/>
        </u>
        <u speaker="CHI" id="fa1f0fcf-959d-4096-990d-8545ce6356c8" excludeFromSearches="false">
            <orthography>
                <g>
                    <w>fishi</w>
                    <p type="PERIOD">.</p>
                </g>
            </orthography>
            <ipaTier form="model">
                <pg>
                    <w>fɪʃi</w>
                    <sb>
                        <ph indexes="0" scType="UK"/>
                        <ph indexes="1" scType="UK"/>
                        <ph indexes="2" scType="UK"/>
                        <ph indexes="3" scType="UK"/>
                    </sb>
                </pg>
            </ipaTier>
            <ipaTier form="actual">
                <pg>
                    <w>bɪs̪i</w>
                    <sb>
                        <ph indexes="0" scType="UK"/>
                        <ph indexes="1" scType="UK"/>
                        <ph indexes="2 3" scType="UK"/>
                        <ph indexes="4" scType="UK"/>
                    </sb>
                </pg>
            </ipaTier>
            <alignment type="segmental">
                <ag length="0"/>
            </alignment>
            <segment startTime="196254.0" duration="1073.0" unitType="ms"/>
        </u>
        <u speaker="CHI" id="fcf86559-1383-434d-913a-5ea799ef6c4c" excludeFromSearches="false">
            <orthography>
                <g>
                    <w>chalk</w>
                    <p type="PERIOD">.</p>
                </g>
            </orthography>
            <ipaTier form="model">
                <pg>
                    <w>ʧɑk</w>
                    <sb>
                        <ph indexes="0" scType="UK"/>
                        <ph indexes="1" scType="UK"/>
                        <ph indexes="2" scType="UK"/>
                    </sb>
                </pg>
            </ipaTier>
            <ipaTier form="actual">
                <pg>
                    <w>ʧɑk</w>
                    <sb>
                        <ph indexes="0" scType="UK"/>
                        <ph indexes="1" scType="UK"/>
                        <ph indexes="2" scType="UK"/>
                    </sb>
                </pg>
            </ipaTier>
            <alignment type="segmental">
                <ag length="0"/>
            </alignment>
            <segment startTime="203100.0" duration="1282.0" unitType="ms"/>
        </u>
        <u speaker="CHI" id="2f20d531-5d99-4ec3-808a-b570bf71cdfe" excludeFromSearches="false">
            <orthography>
                <g>
                    <w>chalki</w>
                    <p type="PERIOD">.</p>
                </g>
            </orthography>
            <ipaTier form="model">
                <pg>
                    <w>ʧɑki</w>
                    <sb>
                        <ph indexes="0" scType="UK"/>
                        <ph indexes="1" scType="UK"/>
                        <ph indexes="2" scType="UK"/>
                        <ph indexes="3" scType="UK"/>
                    </sb>
                </pg>
            </ipaTier>
            <ipaTier form="actual">
                <pg>
                    <w>ʧɑkwi</w>
                    <sb>
                        <ph indexes="0" scType="UK"/>
                        <ph indexes="1" scType="UK"/>
                        <ph indexes="2" scType="UK"/>
                        <ph indexes="3" scType="UK"/>
                        <ph indexes="4" scType="UK"/>
                    </sb>
                </pg>
            </ipaTier>
            <alignment type="segmental">
                <ag length="0"/>
            </alignment>
            <segment startTime="205499.0" duration="1358.0" unitType="ms"/>
        </u>
        <u speaker="CHI" id="15242f81-5694-42cc-93ae-a85e5e5278b3" excludeFromSearches="false">
            <orthography>
                <g>
                    <w>juice</w>
                    <p type="PERIOD">.</p>
                </g>
            </orthography>
            <ipaTier form="model">
                <pg>
                    <w>ʤus</w>
                    <sb>
                        <ph indexes="0" scType="UK"/>
                        <ph indexes="1" scType="UK"/>
                        <ph indexes="2" scType="UK"/>
                    </sb>
                </pg>
            </ipaTier>
            <ipaTier form="actual">
                <pg>
                    <w>ʤus̪</w>
                    <sb>
                        <ph indexes="0" scType="UK"/>
                        <ph indexes="1" scType="UK"/>
                        <ph indexes="2 3" scType="UK"/>
                    </sb>
                </pg>
            </ipaTier>
            <alignment type="segmental">
                <ag length="0"/>
            </alignment>
            <segment startTime="211752.0" duration="842.0" unitType="ms"/>
        </u>
        <u speaker="CHI" id="82d52bca-1142-4e97-ae1d-44a6e29954b7" excludeFromSearches="false">
            <orthography>
                <g>
                    <w>juicei</w>
                    <p type="PERIOD">.</p>
                </g>
            </orthography>
            <ipaTier form="model">
                <pg>
                    <w>ʤusi</w>
                    <sb>
                        <ph indexes="0" scType="UK"/>
                        <ph indexes="1" scType="UK"/>
                        <ph indexes="2" scType="UK"/>
                        <ph indexes="3" scType="UK"/>
                    </sb>
                </pg>
            </ipaTier>
            <ipaTier form="actual">
                <pg>
                    <w>ʤus̪i</w>
                    <sb>
                        <ph indexes="0" scType="UK"/>
                        <ph indexes="1" scType="UK"/>
                        <ph indexes="2 3" scType="UK"/>
                        <ph indexes="4" scType="UK"/>
                    </sb>
                </pg>
            </ipaTier>
            <alignment type="segmental">
                <ag length="0"/>
            </alignment>
            <segment startTime="214276.0" duration="1131.0" unitType="ms"/>
        </u>
        <u speaker="CHI" id="7716edfa-1119-4c12-86ba-7ffdafc364ed" excludeFromSearches="false">
            <orthography>
                <g>
                    <w>witch</w>
                    <p type="PERIOD">.</p>
                </g>
            </orthography>
            <ipaTier form="model">
                <pg>
                    <w>wɪʧ</w>
                    <sb>
                        <ph indexes="0" scType="UK"/>
                        <ph indexes="1" scType="UK"/>
                        <ph indexes="2" scType="UK"/>
                    </sb>
                </pg>
            </ipaTier>
            <ipaTier form="actual">
                <pg>
                    <w>wɪʧ</w>
                    <sb>
                        <ph indexes="0" scType="UK"/>
                        <ph indexes="1" scType="UK"/>
                        <ph indexes="2" scType="UK"/>
                    </sb>
                </pg>
            </ipaTier>
            <alignment type="segmental">
                <ag length="0"/>
            </alignment>
            <segment startTime="227520.0" duration="1128.0" unitType="ms"/>
        </u>
        <u speaker="CHI" id="b46c25ce-defb-47b4-8681-e31903416c84" excludeFromSearches="false">
            <orthography>
                <g>
                    <w>witchi</w>
                    <p type="PERIOD">.</p>
                </g>
            </orthography>
            <ipaTier form="model">
                <pg>
                    <w>wɪʧi</w>
                    <sb>
                        <ph indexes="0" scType="UK"/>
                        <ph indexes="1" scType="UK"/>
                        <ph indexes="2" scType="UK"/>
                        <ph indexes="3" scType="UK"/>
                    </sb>
                </pg>
            </ipaTier>
            <ipaTier form="actual">
                <pg>
                    <w>wɪʧi</w>
                    <sb>
                        <ph indexes="0" scType="UK"/>
                        <ph indexes="1" scType="UK"/>
                        <ph indexes="2" scType="UK"/>
                        <ph indexes="3" scType="UK"/>
                    </sb>
                </pg>
            </ipaTier>
            <alignment type="segmental">
                <ag length="0"/>
            </alignment>
            <segment startTime="230235.0" duration="1201.0" unitType="ms"/>
        </u>
        <u speaker="CHI" id="31fb0624-2934-4df1-9735-f56bf0b65158" excludeFromSearches="false">
            <orthography>
                <g>
                    <w>badge</w>
                    <p type="PERIOD">.</p>
                </g>
            </orthography>
            <ipaTier form="model">
                <pg>
                    <w>bæʤ</w>
                    <sb>
                        <ph indexes="0" scType="UK"/>
                        <ph indexes="1" scType="UK"/>
                        <ph indexes="2" scType="UK"/>
                    </sb>
                </pg>
            </ipaTier>
            <ipaTier form="actual">
                <pg>
                    <w>bæʤ</w>
                    <sb>
                        <ph indexes="0" scType="UK"/>
                        <ph indexes="1" scType="UK"/>
                        <ph indexes="2" scType="UK"/>
                    </sb>
                </pg>
            </ipaTier>
            <alignment type="segmental">
                <ag length="0"/>
            </alignment>
            <segment startTime="236267.0" duration="1326.0" unitType="ms"/>
        </u>
        <u speaker="CHI" id="7188c11b-b1b7-4a0d-b43c-752e34b73836" excludeFromSearches="false">
            <orthography>
                <g>
                    <w>badgei</w>
                    <p type="PERIOD">.</p>
                </g>
            </orthography>
            <ipaTier form="model">
                <pg>
                    <w>bæʤi</w>
                    <sb>
                        <ph indexes="0" scType="UK"/>
                        <ph indexes="1" scType="UK"/>
                        <ph indexes="2" scType="UK"/>
                        <ph indexes="3" scType="UK"/>
                    </sb>
                </pg>
            </ipaTier>
            <ipaTier form="actual">
                <pg>
                    <w>bæʤi</w>
                    <sb>
                        <ph indexes="0" scType="UK"/>
                        <ph indexes="1" scType="UK"/>
                        <ph indexes="2" scType="UK"/>
                        <ph indexes="3" scType="UK"/>
                    </sb>
                </pg>
            </ipaTier>
            <alignment type="segmental">
                <ag length="0"/>
            </alignment>
            <segment startTime="239002.0" duration="1421.0" unitType="ms"/>
        </u>
        <u speaker="CHI" id="028b473d-a17d-4c76-983d-5bc4147f6ce8" excludeFromSearches="false">
            <orthography>
                <g>
                    <w>page</w>
                    <p type="PERIOD">.</p>
                </g>
            </orthography>
            <ipaTier form="model">
                <pg>
                    <w>pʰeɪʤ</w>
                    <sb>
                        <ph indexes="0 1" scType="UK"/>
                        <ph indexes="2" scType="UK"/>
                        <ph indexes="3" scType="UK"/>
                        <ph indexes="4" scType="UK"/>
                    </sb>
                </pg>
            </ipaTier>
            <ipaTier form="actual">
                <pg>
                    <w>pʰeɪʤ</w>
                    <sb>
                        <ph indexes="0 1" scType="UK"/>
                        <ph indexes="2" scType="UK"/>
                        <ph indexes="3" scType="UK"/>
                        <ph indexes="4" scType="UK"/>
                    </sb>
                </pg>
            </ipaTier>
            <alignment type="segmental">
                <ag length="0"/>
            </alignment>
            <segment startTime="243515.0" duration="1370.0" unitType="ms"/>
        </u>
        <u speaker="CHI" id="4e8514a6-e5e3-46c5-80da-70205cd39d15" excludeFromSearches="false">
            <orthography>
                <g>
                    <w>pagei</w>
                    <p type="PERIOD">.</p>
                </g>
            </orthography>
            <ipaTier form="model">
                <pg>
                    <w>pʰeɪʤi</w>
                    <sb>
                        <ph indexes="0 1" scType="UK"/>
                        <ph indexes="2" scType="UK"/>
                        <ph indexes="3" scType="UK"/>
                        <ph indexes="4" scType="UK"/>
                        <ph indexes="5" scType="UK"/>
                    </sb>
                </pg>
            </ipaTier>
            <ipaTier form="actual">
                <pg>
                    <w>pʰeɪʤi</w>
                    <sb>
                        <ph indexes="0 1" scType="UK"/>
                        <ph indexes="2" scType="UK"/>
                        <ph indexes="3" scType="UK"/>
                        <ph indexes="4" scType="UK"/>
                        <ph indexes="5" scType="UK"/>
                    </sb>
                </pg>
            </ipaTier>
            <alignment type="segmental">
                <ag length="0"/>
            </alignment>
            <segment startTime="245931.0" duration="1480.0" unitType="ms"/>
        </u>
        <u speaker="CHI" id="fbad9dbb-b337-4bb2-a09e-e2053991dcf1" excludeFromSearches="false">
            <orthography>
                <g>
                    <w>cheese</w>
                    <p type="PERIOD">.</p>
                </g>
            </orthography>
            <ipaTier form="model">
                <pg>
                    <w>ʧiz</w>
                    <sb>
                        <ph indexes="0" scType="UK"/>
                        <ph indexes="1" scType="UK"/>
                        <ph indexes="2" scType="UK"/>
                    </sb>
                </pg>
            </ipaTier>
            <ipaTier form="actual">
                <pg>
                    <w>ʧiz̪</w>
                    <sb>
                        <ph indexes="0" scType="UK"/>
                        <ph indexes="1" scType="UK"/>
                        <ph indexes="2 3" scType="UK"/>
                    </sb>
                </pg>
            </ipaTier>
            <alignment type="segmental">
                <ag length="0"/>
            </alignment>
            <segment startTime="249002.0" duration="3000.0" unitType="ms"/>
        </u>
        <u speaker="CHI" id="fe3d05d9-0467-4535-9146-ff173625bf03" excludeFromSearches="false">
            <orthography>
                <g>
                    <w>cheesei</w>
                    <p type="PERIOD">.</p>
                </g>
            </orthography>
            <ipaTier form="model">
                <pg>
                    <w>ʧizi</w>
                    <sb>
                        <ph indexes="0" scType="UK"/>
                        <ph indexes="1" scType="UK"/>
                        <ph indexes="2" scType="UK"/>
                        <ph indexes="3" scType="UK"/>
                    </sb>
                </pg>
            </ipaTier>
            <ipaTier form="actual">
                <pg>
                    <w>ʧiz̪i</w>
                    <sb>
                        <ph indexes="0" scType="UK"/>
                        <ph indexes="1" scType="UK"/>
                        <ph indexes="2 3" scType="UK"/>
                        <ph indexes="4" scType="UK"/>
                    </sb>
                </pg>
            </ipaTier>
            <alignment type="segmental">
                <ag length="0"/>
            </alignment>
            <segment startTime="253546.0" duration="1219.0" unitType="ms"/>
        </u>
        <u speaker="CHI" id="2afbd5ae-d047-4d45-abc6-0096c889991c" excludeFromSearches="false">
            <orthography>
                <g>
                    <w>peach</w>
                    <p type="PERIOD">.</p>
                </g>
            </orthography>
            <ipaTier form="model">
                <pg>
                    <w>pʰiʧ</w>
                    <sb>
                        <ph indexes="0 1" scType="UK"/>
                        <ph indexes="2" scType="UK"/>
                        <ph indexes="3" scType="UK"/>
                    </sb>
                </pg>
            </ipaTier>
            <ipaTier form="actual">
                <pg>
                    <w>pʰiʧ</w>
                    <sb>
                        <ph indexes="0 1" scType="UK"/>
                        <ph indexes="2" scType="UK"/>
                        <ph indexes="3" scType="UK"/>
                    </sb>
                </pg>
            </ipaTier>
            <alignment type="segmental">
                <ag length="0"/>
            </alignment>
            <segment startTime="263186.0" duration="1377.0" unitType="ms"/>
        </u>
        <u speaker="CHI" id="f2a40603-15de-4b59-84fb-40e7b3a106b4" excludeFromSearches="false">
            <orthography>
                <g>
                    <w>peachi</w>
                    <p type="PERIOD">.</p>
                </g>
            </orthography>
            <ipaTier form="model">
                <pg>
                    <w>pʰiʧi</w>
                    <sb>
                        <ph indexes="0 1" scType="UK"/>
                        <ph indexes="2" scType="UK"/>
                        <ph indexes="3" scType="UK"/>
                        <ph indexes="4" scType="UK"/>
                    </sb>
                </pg>
            </ipaTier>
            <ipaTier form="actual">
                <pg>
                    <w>pʰiʧi</w>
                    <sb>
                        <ph indexes="0 1" scType="UK"/>
                        <ph indexes="2" scType="UK"/>
                        <ph indexes="3" scType="UK"/>
                        <ph indexes="4" scType="UK"/>
                    </sb>
                </pg>
            </ipaTier>
            <alignment type="segmental">
                <ag length="0"/>
            </alignment>
            <segment startTime="265762.0" duration="843.0" unitType="ms"/>
        </u>
        <u speaker="CHI" id="cff44339-0e3f-4e36-9f73-0bf5d3b2a6b5" excludeFromSearches="false">
            <orthography>
                <g>
                    <w>watch</w>
                    <p type="PERIOD">.</p>
                </g>
            </orthography>
            <ipaTier form="model">
                <pg>
                    <w>wɑʧ</w>
                    <sb>
                        <ph indexes="0" scType="UK"/>
                        <ph indexes="1" scType="UK"/>
                        <ph indexes="2" scType="UK"/>
                    </sb>
                </pg>
            </ipaTier>
            <ipaTier form="actual">
                <pg>
                    <w>wɑʧ</w>
                    <sb>
                        <ph indexes="0" scType="UK"/>
                        <ph indexes="1" scType="UK"/>
                        <ph indexes="2" scType="UK"/>
                    </sb>
                </pg>
            </ipaTier>
            <alignment type="segmental">
                <ag length="0"/>
            </alignment>
            <segment startTime="275325.0" duration="1275.0" unitType="ms"/>
        </u>
        <u speaker="CHI" id="46882a9c-5ec1-4e31-b12d-ea0cd57af01e" excludeFromSearches="false">
            <orthography>
                <g>
                    <w>watchi</w>
                    <p type="PERIOD">.</p>
                </g>
            </orthography>
            <ipaTier form="model">
                <pg>
                    <w>wɑʧi</w>
                    <sb>
                        <ph indexes="0" scType="UK"/>
                        <ph indexes="1" scType="UK"/>
                        <ph indexes="2" scType="UK"/>
                        <ph indexes="3" scType="UK"/>
                    </sb>
                </pg>
            </ipaTier>
            <ipaTier form="actual">
                <pg>
                    <w>wɑʧi</w>
                    <sb>
                        <ph indexes="0" scType="UK"/>
                        <ph indexes="1" scType="UK"/>
                        <ph indexes="2" scType="UK"/>
                        <ph indexes="3" scType="UK"/>
                    </sb>
                </pg>
            </ipaTier>
            <alignment type="segmental">
                <ag length="0"/>
            </alignment>
            <segment startTime="277818.0" duration="923.0" unitType="ms"/>
        </u>
        <u speaker="CHI" id="915e5cba-16bb-4046-8ead-d25dc6e47c27" excludeFromSearches="false">
            <orthography>
                <g>
                    <w>bridge</w>
                    <p type="PERIOD">.</p>
                </g>
            </orthography>
            <ipaTier form="model">
                <pg>
                    <w>brɪʤ</w>
                    <sb>
                        <ph indexes="0" scType="UK"/>
                        <ph indexes="1" scType="UK"/>
                        <ph indexes="2" scType="UK"/>
                        <ph indexes="3" scType="UK"/>
                    </sb>
                </pg>
            </ipaTier>
            <ipaTier form="actual">
                <pg>
                    <w>bwɪʤ</w>
                    <sb>
                        <ph indexes="0" scType="UK"/>
                        <ph indexes="1" scType="UK"/>
                        <ph indexes="2" scType="UK"/>
                        <ph indexes="3" scType="UK"/>
                    </sb>
                </pg>
            </ipaTier>
            <alignment type="segmental">
                <ag length="0"/>
            </alignment>
            <segment startTime="281775.0" duration="1451.0" unitType="ms"/>
        </u>
        <u speaker="CHI" id="7a2c3530-bfac-4319-a4ae-0f077d29f855" excludeFromSearches="false">
            <orthography>
                <g>
                    <w>bridgei</w>
                    <p type="PERIOD">.</p>
                </g>
            </orthography>
            <ipaTier form="model">
                <pg>
                    <w>brɪʤi</w>
                    <sb>
                        <ph indexes="0" scType="UK"/>
                        <ph indexes="1" scType="UK"/>
                        <ph indexes="2" scType="UK"/>
                        <ph indexes="3" scType="UK"/>
                        <ph indexes="4" scType="UK"/>
                    </sb>
                </pg>
            </ipaTier>
            <ipaTier form="actual">
                <pg>
                    <w>bwɪʤi</w>
                    <sb>
                        <ph indexes="0" scType="UK"/>
                        <ph indexes="1" scType="UK"/>
                        <ph indexes="2" scType="UK"/>
                        <ph indexes="3" scType="UK"/>
                        <ph indexes="4" scType="UK"/>
                    </sb>
                </pg>
            </ipaTier>
            <alignment type="segmental">
                <ag length="0"/>
            </alignment>
            <segment startTime="283034.0" duration="1001.0" unitType="ms"/>
        </u>
        <u speaker="CHI" id="be0581a3-9a03-4ab8-95c8-51d9e714168e" excludeFromSearches="false">
            <orthography>
                <g>
                    <w>cage</w>
                    <p type="PERIOD">.</p>
                </g>
            </orthography>
            <ipaTier form="model">
                <pg>
                    <w>kʰeɪʤ</w>
                    <sb>
                        <ph indexes="0 1" scType="UK"/>
                        <ph indexes="2" scType="UK"/>
                        <ph indexes="3" scType="UK"/>
                        <ph indexes="4" scType="UK"/>
                    </sb>
                </pg>
            </ipaTier>
            <ipaTier form="actual">
                <pg>
                    <w>tʰeɪʤ</w>
                    <sb>
                        <ph indexes="0 1" scType="UK"/>
                        <ph indexes="2" scType="UK"/>
                        <ph indexes="3" scType="UK"/>
                        <ph indexes="4" scType="UK"/>
                    </sb>
                </pg>
            </ipaTier>
            <alignment type="segmental">
                <ag length="0"/>
            </alignment>
            <segment startTime="288701.0" duration="1487.0" unitType="ms"/>
        </u>
        <u speaker="CHI" id="8c3c8795-2556-4cd9-a88c-7082fe5d290d" excludeFromSearches="false">
            <orthography>
                <g>
                    <w>cagei</w>
                    <p type="PERIOD">.</p>
                </g>
            </orthography>
            <ipaTier form="model">
                <pg>
                    <w>kʰeɪʤi</w>
                    <sb>
                        <ph indexes="0 1" scType="UK"/>
                        <ph indexes="2" scType="UK"/>
                        <ph indexes="3" scType="UK"/>
                        <ph indexes="4" scType="UK"/>
                        <ph indexes="5" scType="UK"/>
                    </sb>
                </pg>
            </ipaTier>
            <ipaTier form="actual">
                <pg>
                    <w>tʰeɪʤi</w>
                    <sb>
                        <ph indexes="0 1" scType="UK"/>
                        <ph indexes="2" scType="UK"/>
                        <ph indexes="3" scType="UK"/>
                        <ph indexes="4" scType="UK"/>
                        <ph indexes="5" scType="UK"/>
                    </sb>
                </pg>
            </ipaTier>
            <alignment type="segmental">
                <ag length="0"/>
            </alignment>
            <segment startTime="290895.0" duration="987.0" unitType="ms"/>
        </u>
        <u speaker="CHI" id="0afa4400-3899-4776-b712-8c26204678ec" excludeFromSearches="false">
            <orthography>
                <g>
                    <w>splash</w>
                    <p type="PERIOD">.</p>
                </g>
            </orthography>
            <ipaTier form="model">
                <pg>
                    <w>splæʃ</w>
                    <sb>
                        <ph indexes="0" scType="UK"/>
                        <ph indexes="1" scType="UK"/>
                        <ph indexes="2" scType="UK"/>
                        <ph indexes="3" scType="UK"/>
                        <ph indexes="4" scType="UK"/>
                    </sb>
                </pg>
            </ipaTier>
            <ipaTier form="actual">
                <pg>
                    <w>s̪wæs̪</w>
                    <sb>
                        <ph indexes="0 1" scType="UK"/>
                        <ph indexes="2" scType="UK"/>
                        <ph indexes="3" scType="UK"/>
                        <ph indexes="4 5" scType="UK"/>
                    </sb>
                </pg>
            </ipaTier>
            <alignment type="segmental">
                <ag length="0"/>
            </alignment>
            <segment startTime="301191.0" duration="813.0" unitType="ms"/>
        </u>
        <u speaker="CHI" id="f05bd7e3-0d8b-456f-b090-fce8b1f82dde" excludeFromSearches="false">
            <orthography>
                <g>
                    <w>splashing</w>
                    <p type="PERIOD">.</p>
                </g>
            </orthography>
            <ipaTier form="model">
                <pg>
                    <w>splæʃɪŋ</w>
                    <sb>
                        <ph indexes="0" scType="UK"/>
                        <ph indexes="1" scType="UK"/>
                        <ph indexes="2" scType="UK"/>
                        <ph indexes="3" scType="UK"/>
                        <ph indexes="4" scType="UK"/>
                        <ph indexes="5" scType="UK"/>
                        <ph indexes="6" scType="UK"/>
                    </sb>
                </pg>
            </ipaTier>
            <ipaTier form="actual">
                <pg>
                    <w>s̪wæs̪ɪn</w>
                    <sb>
                        <ph indexes="0 1" scType="UK"/>
                        <ph indexes="2" scType="UK"/>
                        <ph indexes="3" scType="UK"/>
                        <ph indexes="4 5" scType="UK"/>
                        <ph indexes="6" scType="UK"/>
                        <ph indexes="7" scType="UK"/>
                    </sb>
                </pg>
            </ipaTier>
            <alignment type="segmental">
                <ag length="0"/>
            </alignment>
            <segment startTime="304778.0" duration="1502.0" unitType="ms"/>
        </u>
        <u speaker="CHI" id="1573d6fa-8501-4bd8-8769-94992f682540" excludeFromSearches="false">
            <orthography>
                <g>
                    <w>catch</w>
                    <p type="PERIOD">.</p>
                </g>
            </orthography>
            <ipaTier form="model">
                <pg>
                    <w>kʰɛʧ</w>
                    <sb>
                        <ph indexes="0 1" scType="UK"/>
                        <ph indexes="2" scType="UK"/>
                        <ph indexes="3" scType="UK"/>
                    </sb>
                </pg>
            </ipaTier>
            <ipaTier form="actual">
                <pg>
                    <w>tʰɛʧ</w>
                    <sb>
                        <ph indexes="0 1" scType="UK"/>
                        <ph indexes="2" scType="UK"/>
                        <ph indexes="3" scType="UK"/>
                    </sb>
                </pg>
            </ipaTier>
            <alignment type="segmental">
                <ag length="0"/>
            </alignment>
            <segment startTime="309437.0" duration="916.0" unitType="ms"/>
        </u>
        <u speaker="CHI" id="8471c185-2584-4e8f-a536-0080d56fc2a1" excludeFromSearches="false">
            <orthography>
                <g>
                    <w>catching</w>
                    <p type="PERIOD">.</p>
                </g>
            </orthography>
            <ipaTier form="model">
                <pg>
                    <w>kʰɛʧɪŋ</w>
                    <sb>
                        <ph indexes="0 1" scType="UK"/>
                        <ph indexes="2" scType="UK"/>
                        <ph indexes="3" scType="UK"/>
                        <ph indexes="4" scType="UK"/>
                        <ph indexes="5" scType="UK"/>
                    </sb>
                </pg>
            </ipaTier>
            <ipaTier form="actual">
                <pg>
                    <w>tʰɛʧɪn</w>
                    <sb>
                        <ph indexes="0 1" scType="UK"/>
                        <ph indexes="2" scType="UK"/>
                        <ph indexes="3" scType="UK"/>
                        <ph indexes="4" scType="UK"/>
                        <ph indexes="5" scType="UK"/>
                    </sb>
                </pg>
            </ipaTier>
            <alignment type="segmental">
                <ag length="0"/>
            </alignment>
            <segment startTime="312175.0" duration="1207.0" unitType="ms"/>
        </u>
        <u speaker="CHI" id="d8759217-2591-4d43-8eae-30ed1cd5cd57" excludeFromSearches="false">
            <orthography>
                <g>
                    <w>shaving</w>
                    <p type="PERIOD">.</p>
                </g>
            </orthography>
            <ipaTier form="model">
                <pg>
                    <w>ʃeɪvɪŋ</w>
                    <sb>
                        <ph indexes="0" scType="UK"/>
                        <ph indexes="1" scType="UK"/>
                        <ph indexes="2" scType="UK"/>
                        <ph indexes="3" scType="UK"/>
                        <ph indexes="4" scType="UK"/>
                        <ph indexes="5" scType="UK"/>
                    </sb>
                </pg>
            </ipaTier>
            <ipaTier form="actual">
                <pg>
                    <w>s̪eɪvɪn</w>
                    <sb>
                        <ph indexes="0 1" scType="UK"/>
                        <ph indexes="2" scType="UK"/>
                        <ph indexes="3" scType="UK"/>
                        <ph indexes="4" scType="UK"/>
                        <ph indexes="5" scType="UK"/>
                        <ph indexes="6" scType="UK"/>
                    </sb>
                </pg>
            </ipaTier>
            <alignment type="segmental">
                <ag length="0"/>
            </alignment>
            <segment startTime="317051.0" duration="1934.0" unitType="ms"/>
        </u>
        <u speaker="CHI" id="98f858b8-d145-4ac6-978e-a74037d94727" excludeFromSearches="false">
            <orthography>
                <g>
                    <w>shave</w>
                    <p type="PERIOD">.</p>
                </g>
            </orthography>
            <ipaTier form="model">
                <pg>
                    <w>ʃeɪv</w>
                    <sb>
                        <ph indexes="0" scType="UK"/>
                        <ph indexes="1" scType="UK"/>
                        <ph indexes="2" scType="UK"/>
                        <ph indexes="3" scType="UK"/>
                    </sb>
                </pg>
            </ipaTier>
            <ipaTier form="actual">
                <pg>
                    <w>s̪eɪv</w>
                    <sb>
                        <ph indexes="0 1" scType="UK"/>
                        <ph indexes="2" scType="UK"/>
                        <ph indexes="3" scType="UK"/>
                        <ph indexes="4" scType="UK"/>
                    </sb>
                </pg>
            </ipaTier>
            <alignment type="segmental">
                <ag length="0"/>
            </alignment>
            <segment startTime="320500.0" duration="1150.0" unitType="ms"/>
        </u>
        <u speaker="CHI" id="e5e9f818-836c-4e32-984f-bf02d0d565fc" excludeFromSearches="false">
            <orthography>
                <g>
                    <w>crash</w>
                    <p type="PERIOD">.</p>
                </g>
            </orthography>
            <ipaTier form="model">
                <pg>
                    <w>kræʃ</w>
                    <sb>
                        <ph indexes="0" scType="UK"/>
                        <ph indexes="1" scType="UK"/>
                        <ph indexes="2" scType="UK"/>
                        <ph indexes="3" scType="UK"/>
                    </sb>
                </pg>
            </ipaTier>
            <ipaTier form="actual">
                <pg>
                    <w>pweɪjæs̪</w>
                    <sb>
                        <ph indexes="0" scType="UK"/>
                        <ph indexes="1" scType="UK"/>
                        <ph indexes="2" scType="UK"/>
                        <ph indexes="3" scType="UK"/>
                        <ph indexes="4" scType="UK"/>
                        <ph indexes="5" scType="UK"/>
                        <ph indexes="6 7" scType="UK"/>
                    </sb>
                </pg>
            </ipaTier>
            <alignment type="segmental">
                <ag length="0"/>
            </alignment>
            <segment startTime="327963.0" duration="1611.0" unitType="ms"/>
        </u>
        <u speaker="CHI" id="bed4a7cb-21f0-4f7f-b547-733452850c15" excludeFromSearches="false">
            <orthography>
                <g>
                    <w>crashing</w>
                    <p type="PERIOD">.</p>
                </g>
            </orthography>
            <ipaTier form="model">
                <pg>
                    <w>kræʃɪŋ</w>
                    <sb>
                        <ph indexes="0" scType="UK"/>
                        <ph indexes="1" scType="UK"/>
                        <ph indexes="2" scType="UK"/>
                        <ph indexes="3" scType="UK"/>
                        <ph indexes="4" scType="UK"/>
                        <ph indexes="5" scType="UK"/>
                    </sb>
                </pg>
            </ipaTier>
            <ipaTier form="actual">
                <pg>
                    <w>pwæs̪ɪn</w>
                    <sb>
                        <ph indexes="0" scType="UK"/>
                        <ph indexes="1" scType="UK"/>
                        <ph indexes="2" scType="UK"/>
                        <ph indexes="3 4" scType="UK"/>
                        <ph indexes="5" scType="UK"/>
                        <ph indexes="6" scType="UK"/>
                    </sb>
                </pg>
            </ipaTier>
            <alignment type="segmental">
                <ag length="0"/>
            </alignment>
            <segment startTime="331348.0" duration="1333.0" unitType="ms"/>
        </u>
    </transcript>
</session>
