<?xml version="1.0" encoding="UTF-8" standalone="yes"?>
<session xmlns="http://phon.ling.mun.ca/ns/phonbank" id="040702" corpus="PD21" version="PB1.2">
    <header>
        <date>1984-01-01</date>
        <language>eng</language>
        <media>040702.wav</media>
    </header>
    <participants>
        <participant id="CHI">
            <role>Target Child</role>
            <name>PD21</name>
            <sex>male</sex>
            <birthday>1984-01-01</birthday>
            <age>P4Y7M2DT0H0M0S</age>
            <language>eng</language>
        </participant>
    </participants>
    <transcribers/>
    <userTiers/>
    <tierOrder>
        <tier tierName="Orthography" visible="true" locked="false" font="default"/>
        <tier tierName="IPA Target" visible="true" locked="false" font="default"/>
        <tier tierName="IPA Actual" visible="true" locked="false" font="default"/>
        <tier tierName="Notes" visible="true" locked="false" font="default"/>
        <tier tierName="Segment" visible="true" locked="false" font="default"/>
    </tierOrder>
    <transcript>
        <comment type="Code">pid 11312/c-00042624-1</comment>
        <comment type="Date">01-JAN-1984</comment>
        <u speaker="CHI" id="6ba2905b-c489-4a04-abab-ca0c9c44bd26" excludeFromSearches="false">
            <orthography>
                <g>
                    <w>brush</w>
                    <p type="PERIOD">.</p>
                </g>
            </orthography>
            <ipaTier form="model">
                <pg>
                    <w>brʌʃ</w>
                    <sb>
                        <ph indexes="0" scType="UK"/>
                        <ph indexes="1" scType="UK"/>
                        <ph indexes="2" scType="UK"/>
                        <ph indexes="3" scType="UK"/>
                    </sb>
                </pg>
            </ipaTier>
            <ipaTier form="actual">
                <pg>
                    <w>gwɛs</w>
                    <sb>
                        <ph indexes="0" scType="UK"/>
                        <ph indexes="1" scType="UK"/>
                        <ph indexes="2" scType="UK"/>
                        <ph indexes="3" scType="UK"/>
                    </sb>
                </pg>
            </ipaTier>
            <alignment type="segmental">
                <ag length="0"/>
            </alignment>
            <segment startTime="19625.0" duration="1283.0" unitType="ms"/>
        </u>
        <u speaker="CHI" id="39431bce-143e-44b1-be62-94ec482c0d13" excludeFromSearches="false">
            <orthography>
                <g>
                    <w>shark</w>
                    <p type="PERIOD">.</p>
                </g>
            </orthography>
            <ipaTier form="model">
                <pg>
                    <w>ʃɑrk</w>
                    <sb>
                        <ph indexes="0" scType="UK"/>
                        <ph indexes="1" scType="UK"/>
                        <ph indexes="2" scType="UK"/>
                        <ph indexes="3" scType="UK"/>
                    </sb>
                </pg>
            </ipaTier>
            <ipaTier form="actual">
                <pg>
                    <w>gɑrk</w>
                    <sb>
                        <ph indexes="0" scType="UK"/>
                        <ph indexes="1" scType="UK"/>
                        <ph indexes="2" scType="UK"/>
                        <ph indexes="3" scType="UK"/>
                    </sb>
                </pg>
            </ipaTier>
            <alignment type="segmental">
                <ag length="0"/>
            </alignment>
            <segment startTime="21963.0" duration="1380.0" unitType="ms"/>
        </u>
        <u speaker="CHI" id="16610e67-a68a-475e-a8f2-552a073235e7" excludeFromSearches="false">
            <orthography>
                <g>
                    <w>teeth</w>
                    <p type="PERIOD">.</p>
                </g>
            </orthography>
            <ipaTier form="model">
                <pg>
                    <w>tʰiθ</w>
                    <sb>
                        <ph indexes="0 1" scType="UK"/>
                        <ph indexes="2" scType="UK"/>
                        <ph indexes="3" scType="UK"/>
                    </sb>
                </pg>
            </ipaTier>
            <ipaTier form="actual">
                <pg>
                    <w>gif</w>
                    <sb>
                        <ph indexes="0" scType="UK"/>
                        <ph indexes="1" scType="UK"/>
                        <ph indexes="2" scType="UK"/>
                    </sb>
                </pg>
            </ipaTier>
            <alignment type="segmental">
                <ag length="0"/>
            </alignment>
            <segment startTime="24677.0" duration="912.0" unitType="ms"/>
        </u>
        <u speaker="CHI" id="0d0ddc2d-a4ad-474d-806d-3211e6454db5" excludeFromSearches="false">
            <orthography>
                <g>
                    <w>stretch</w>
                    <p type="PERIOD">.</p>
                </g>
            </orthography>
            <ipaTier form="model">
                <pg>
                    <w>strɛʧ</w>
                    <sb>
                        <ph indexes="0" scType="UK"/>
                        <ph indexes="1" scType="UK"/>
                        <ph indexes="2" scType="UK"/>
                        <ph indexes="3" scType="UK"/>
                        <ph indexes="4" scType="UK"/>
                    </sb>
                </pg>
            </ipaTier>
            <ipaTier form="actual">
                <pg>
                    <w>wɛʦ</w>
                    <sb>
                        <ph indexes="0" scType="UK"/>
                        <ph indexes="1" scType="UK"/>
                        <ph indexes="2" scType="UK"/>
                    </sb>
                </pg>
            </ipaTier>
            <alignment type="segmental">
                <ag length="0"/>
            </alignment>
            <segment startTime="27206.0" duration="1211.0" unitType="ms"/>
        </u>
        <u speaker="CHI" id="97171845-c172-44ed-ac95-1ab550c60a8a" excludeFromSearches="false">
            <orthography>
                <g>
                    <w>chicken</w>
                    <p type="PERIOD">.</p>
                </g>
            </orthography>
            <ipaTier form="model">
                <pg>
                    <w>ʧɪkɪn</w>
                    <sb>
                        <ph indexes="0" scType="UK"/>
                        <ph indexes="1" scType="UK"/>
                        <ph indexes="2" scType="UK"/>
                        <ph indexes="3" scType="UK"/>
                        <ph indexes="4" scType="UK"/>
                    </sb>
                </pg>
            </ipaTier>
            <ipaTier form="actual">
                <pg>
                    <w>gɪgɪn</w>
                    <sb>
                        <ph indexes="0" scType="UK"/>
                        <ph indexes="1" scType="UK"/>
                        <ph indexes="2" scType="UK"/>
                        <ph indexes="3" scType="UK"/>
                        <ph indexes="4" scType="UK"/>
                    </sb>
                </pg>
            </ipaTier>
            <alignment type="segmental">
                <ag length="0"/>
            </alignment>
            <segment startTime="29175.0" duration="1138.0" unitType="ms"/>
        </u>
        <u speaker="CHI" id="2f43ac98-aae5-45ed-9053-b07bff6c27e6" excludeFromSearches="false">
            <orthography>
                <g>
                    <w>jeep</w>
                    <p type="PERIOD">.</p>
                </g>
            </orthography>
            <ipaTier form="model">
                <pg>
                    <w>ʤip</w>
                    <sb>
                        <ph indexes="0" scType="UK"/>
                        <ph indexes="1" scType="UK"/>
                        <ph indexes="2" scType="UK"/>
                    </sb>
                </pg>
            </ipaTier>
            <ipaTier form="actual">
                <pg>
                    <w>gip</w>
                    <sb>
                        <ph indexes="0" scType="UK"/>
                        <ph indexes="1" scType="UK"/>
                        <ph indexes="2" scType="UK"/>
                    </sb>
                </pg>
            </ipaTier>
            <alignment type="segmental">
                <ag length="0"/>
            </alignment>
            <segment startTime="35924.0" duration="898.0" unitType="ms"/>
        </u>
        <u speaker="CHI" id="0383b31d-35b7-40f3-81a5-84f79efade3a" excludeFromSearches="false">
            <orthography>
                <g>
                    <w>rabbit</w>
                    <p type="PERIOD">.</p>
                </g>
            </orthography>
            <ipaTier form="model">
                <pg>
                    <w>ræbɪt</w>
                    <sb>
                        <ph indexes="0" scType="UK"/>
                        <ph indexes="1" scType="UK"/>
                        <ph indexes="2" scType="UK"/>
                        <ph indexes="3" scType="UK"/>
                        <ph indexes="4" scType="UK"/>
                    </sb>
                </pg>
            </ipaTier>
            <ipaTier form="actual">
                <pg>
                    <w>wæbɪt</w>
                    <sb>
                        <ph indexes="0" scType="UK"/>
                        <ph indexes="1" scType="UK"/>
                        <ph indexes="2" scType="UK"/>
                        <ph indexes="3" scType="UK"/>
                        <ph indexes="4" scType="UK"/>
                    </sb>
                </pg>
            </ipaTier>
            <alignment type="segmental">
                <ag length="0"/>
            </alignment>
            <segment startTime="38355.0" duration="1031.0" unitType="ms"/>
        </u>
        <u speaker="CHI" id="07bb2e9a-95dc-493b-9c83-f1644f8a3688" excludeFromSearches="false">
            <orthography>
                <g>
                    <w>magician</w>
                    <p type="PERIOD">.</p>
                </g>
            </orthography>
            <ipaTier form="model">
                <pg>
                    <w>məʤɪʃɪn</w>
                    <sb>
                        <ph indexes="0" scType="UK"/>
                        <ph indexes="1" scType="UK"/>
                        <ph indexes="2" scType="UK"/>
                        <ph indexes="3" scType="UK"/>
                        <ph indexes="4" scType="UK"/>
                        <ph indexes="5" scType="UK"/>
                        <ph indexes="6" scType="UK"/>
                    </sb>
                </pg>
            </ipaTier>
            <ipaTier form="actual">
                <pg>
                    <w>mʌgɪsgɪn</w>
                    <sb>
                        <ph indexes="0" scType="UK"/>
                        <ph indexes="1" scType="UK"/>
                        <ph indexes="2" scType="UK"/>
                        <ph indexes="3" scType="UK"/>
                        <ph indexes="4" scType="UK"/>
                        <ph indexes="5" scType="UK"/>
                        <ph indexes="6" scType="UK"/>
                        <ph indexes="7" scType="UK"/>
                    </sb>
                </pg>
            </ipaTier>
            <alignment type="segmental">
                <ag length="0"/>
            </alignment>
            <segment startTime="39701.0" duration="1807.0" unitType="ms"/>
        </u>
        <u speaker="CHI" id="0bbb23ec-04a1-4be0-8726-a07a2b4f9e31" excludeFromSearches="false">
            <orthography>
                <g>
                    <w>other</w>
                    <p type="PERIOD">.</p>
                </g>
            </orthography>
            <ipaTier form="model">
                <pg>
                    <w>ʌðɚ</w>
                    <sb>
                        <ph indexes="0" scType="UK"/>
                        <ph indexes="1" scType="UK"/>
                        <ph indexes="2" scType="UK"/>
                    </sb>
                </pg>
            </ipaTier>
            <ipaTier form="actual">
                <pg>
                    <w>ʌgɑr</w>
                    <sb>
                        <ph indexes="0" scType="UK"/>
                        <ph indexes="1" scType="UK"/>
                        <ph indexes="2" scType="UK"/>
                        <ph indexes="3" scType="UK"/>
                    </sb>
                </pg>
            </ipaTier>
            <alignment type="segmental">
                <ag length="0"/>
            </alignment>
            <segment startTime="42747.0" duration="1263.0" unitType="ms"/>
        </u>
        <u speaker="CHI" id="f48e59a9-fb55-4d9a-823c-2327bc71892b" excludeFromSearches="false">
            <orthography>
                <g>
                    <w>teacher</w>
                    <p type="PERIOD">.</p>
                </g>
            </orthography>
            <ipaTier form="model">
                <pg>
                    <w>tʰiʧɚ</w>
                    <sb>
                        <ph indexes="0 1" scType="UK"/>
                        <ph indexes="2" scType="UK"/>
                        <ph indexes="3" scType="UK"/>
                        <ph indexes="4" scType="UK"/>
                    </sb>
                </pg>
            </ipaTier>
            <ipaTier form="actual">
                <pg>
                    <w>gisːgɑr</w>
                    <sb>
                        <ph indexes="0" scType="UK"/>
                        <ph indexes="1" scType="UK"/>
                        <ph indexes="2 3" scType="UK"/>
                        <ph indexes="4" scType="UK"/>
                        <ph indexes="5" scType="UK"/>
                        <ph indexes="6" scType="UK"/>
                    </sb>
                </pg>
            </ipaTier>
            <alignment type="segmental">
                <ag length="0"/>
            </alignment>
            <segment startTime="46956.0" duration="1445.0" unitType="ms"/>
        </u>
        <u speaker="CHI" id="91673a82-c6ab-4ce7-b7f7-af387a00d1b0" excludeFromSearches="false">
            <orthography>
                <g>
                    <w>finger</w>
                    <p type="PERIOD">.</p>
                </g>
            </orthography>
            <ipaTier form="model">
                <pg>
                    <w>fɪŋgɚ</w>
                    <sb>
                        <ph indexes="0" scType="UK"/>
                        <ph indexes="1" scType="UK"/>
                        <ph indexes="2" scType="UK"/>
                        <ph indexes="3" scType="UK"/>
                        <ph indexes="4" scType="UK"/>
                    </sb>
                </pg>
            </ipaTier>
            <ipaTier form="actual">
                <pg>
                    <w>bigɑr</w>
                    <sb>
                        <ph indexes="0" scType="UK"/>
                        <ph indexes="1" scType="UK"/>
                        <ph indexes="2" scType="UK"/>
                        <ph indexes="3" scType="UK"/>
                        <ph indexes="4" scType="UK"/>
                    </sb>
                </pg>
            </ipaTier>
            <alignment type="segmental">
                <ag length="0"/>
            </alignment>
            <segment startTime="54332.0" duration="1759.0" unitType="ms"/>
        </u>
        <u speaker="CHI" id="9b1c825c-12ee-4fd6-adbc-677bd30396c4" excludeFromSearches="false">
            <orthography>
                <g>
                    <w>chair</w>
                    <p type="PERIOD">.</p>
                </g>
            </orthography>
            <ipaTier form="model">
                <pg>
                    <w>ʧɑr</w>
                    <sb>
                        <ph indexes="0" scType="UK"/>
                        <ph indexes="1" scType="UK"/>
                        <ph indexes="2" scType="UK"/>
                    </sb>
                </pg>
            </ipaTier>
            <ipaTier form="actual">
                <pg>
                    <w>fːgɑr</w>
                    <sb>
                        <ph indexes="0 1" scType="UK"/>
                        <ph indexes="2" scType="UK"/>
                        <ph indexes="3" scType="UK"/>
                        <ph indexes="4" scType="UK"/>
                    </sb>
                </pg>
            </ipaTier>
            <alignment type="segmental">
                <ag length="0"/>
            </alignment>
            <segment startTime="64542.0" duration="1175.0" unitType="ms"/>
        </u>
        <u speaker="CHI" id="0b8dce71-d339-4999-ade0-a10529eaa475" excludeFromSearches="false">
            <orthography>
                <g>
                    <w>shower</w>
                    <p type="PERIOD">.</p>
                </g>
            </orthography>
            <ipaTier form="model">
                <pg>
                    <w>ʃɑʊwɚ</w>
                    <sb>
                        <ph indexes="0" scType="UK"/>
                        <ph indexes="1" scType="UK"/>
                        <ph indexes="2" scType="UK"/>
                        <ph indexes="3" scType="UK"/>
                        <ph indexes="4" scType="UK"/>
                    </sb>
                </pg>
            </ipaTier>
            <ipaTier form="actual">
                <pg>
                    <w>gɑʊwɑr</w>
                    <sb>
                        <ph indexes="0" scType="UK"/>
                        <ph indexes="1" scType="UK"/>
                        <ph indexes="2" scType="UK"/>
                        <ph indexes="3" scType="UK"/>
                        <ph indexes="4" scType="UK"/>
                        <ph indexes="5" scType="UK"/>
                    </sb>
                </pg>
            </ipaTier>
            <alignment type="segmental">
                <ag length="0"/>
            </alignment>
            <segment startTime="69103.0" duration="2751.0" unitType="ms"/>
        </u>
        <u speaker="CHI" id="850a1d5c-1fce-4bb9-83c9-410fefd091bb" excludeFromSearches="false">
            <orthography>
                <g>
                    <w>judge</w>
                    <p type="PERIOD">.</p>
                </g>
            </orthography>
            <ipaTier form="model">
                <pg>
                    <w>ʤʌʤ</w>
                    <sb>
                        <ph indexes="0" scType="UK"/>
                        <ph indexes="1" scType="UK"/>
                        <ph indexes="2" scType="UK"/>
                    </sb>
                </pg>
            </ipaTier>
            <ipaTier form="actual">
                <pg>
                    <w>gʌds</w>
                    <sb>
                        <ph indexes="0" scType="UK"/>
                        <ph indexes="1" scType="UK"/>
                        <ph indexes="2" scType="UK"/>
                        <ph indexes="3" scType="UK"/>
                    </sb>
                </pg>
            </ipaTier>
            <alignment type="segmental">
                <ag length="0"/>
            </alignment>
            <segment startTime="73978.0" duration="1409.0" unitType="ms"/>
        </u>
        <u speaker="CHI" id="af91fd1b-f29a-471b-8824-09a3ed7da464" excludeFromSearches="false">
            <orthography>
                <g>
                    <w>jelly</w>
                    <p type="PERIOD">.</p>
                </g>
            </orthography>
            <ipaTier form="model">
                <pg>
                    <w>ʤɛli</w>
                    <sb>
                        <ph indexes="0" scType="UK"/>
                        <ph indexes="1" scType="UK"/>
                        <ph indexes="2" scType="UK"/>
                        <ph indexes="3" scType="UK"/>
                    </sb>
                </pg>
            </ipaTier>
            <ipaTier form="actual">
                <pg>
                    <w>gʌli</w>
                    <sb>
                        <ph indexes="0" scType="UK"/>
                        <ph indexes="1" scType="UK"/>
                        <ph indexes="2" scType="UK"/>
                        <ph indexes="3" scType="UK"/>
                    </sb>
                </pg>
            </ipaTier>
            <alignment type="segmental">
                <ag length="0"/>
            </alignment>
            <segment startTime="79928.0" duration="1161.0" unitType="ms"/>
        </u>
        <u speaker="CHI" id="accfb5d0-76e1-45ec-b21b-5e8fcda4369e" excludeFromSearches="false">
            <orthography>
                <g>
                    <w>frenchfries</w>
                    <p type="PERIOD">.</p>
                </g>
            </orthography>
            <ipaTier form="model">
                <pg>
                    <w>frɛnʧfrɑɪz</w>
                    <sb>
                        <ph indexes="0" scType="UK"/>
                        <ph indexes="1" scType="UK"/>
                        <ph indexes="2" scType="UK"/>
                        <ph indexes="3" scType="UK"/>
                        <ph indexes="4" scType="UK"/>
                        <ph indexes="5" scType="UK"/>
                        <ph indexes="6" scType="UK"/>
                        <ph indexes="7" scType="UK"/>
                        <ph indexes="8" scType="UK"/>
                        <ph indexes="9" scType="UK"/>
                    </sb>
                </pg>
            </ipaTier>
            <ipaTier form="actual">
                <pg>
                    <w>bwɛs̪gwɑɪs</w>
                    <sb>
                        <ph indexes="0" scType="UK"/>
                        <ph indexes="1" scType="UK"/>
                        <ph indexes="2" scType="UK"/>
                        <ph indexes="3 4" scType="UK"/>
                        <ph indexes="5" scType="UK"/>
                        <ph indexes="6" scType="UK"/>
                        <ph indexes="7" scType="UK"/>
                        <ph indexes="8" scType="UK"/>
                        <ph indexes="9" scType="UK"/>
                    </sb>
                </pg>
            </ipaTier>
            <alignment type="segmental">
                <ag length="0"/>
            </alignment>
            <segment startTime="84764.0" duration="2350.0" unitType="ms"/>
        </u>
        <u speaker="CHI" id="a3f53e0a-87cf-4fea-875c-49e1e49479ac" excludeFromSearches="false">
            <orthography>
                <g>
                    <w>shoes</w>
                    <p type="PERIOD">.</p>
                </g>
            </orthography>
            <ipaTier form="model">
                <pg>
                    <w>ʃuz</w>
                    <sb>
                        <ph indexes="0" scType="UK"/>
                        <ph indexes="1" scType="UK"/>
                        <ph indexes="2" scType="UK"/>
                    </sb>
                </pg>
            </ipaTier>
            <ipaTier form="actual">
                <pg>
                    <w>gus̪</w>
                    <sb>
                        <ph indexes="0" scType="UK"/>
                        <ph indexes="1" scType="UK"/>
                        <ph indexes="2 3" scType="UK"/>
                    </sb>
                </pg>
            </ipaTier>
            <alignment type="segmental">
                <ag length="0"/>
            </alignment>
            <segment startTime="88324.0" duration="1725.0" unitType="ms"/>
        </u>
        <u speaker="CHI" id="fee925cc-d8d9-470d-91f3-62d1786a7068" excludeFromSearches="false">
            <orthography>
                <g>
                    <w>jumping</w>
                    <p type="PERIOD">.</p>
                </g>
            </orthography>
            <ipaTier form="model">
                <pg>
                    <w>ʤʌmpɪŋ</w>
                    <sb>
                        <ph indexes="0" scType="UK"/>
                        <ph indexes="1" scType="UK"/>
                        <ph indexes="2" scType="UK"/>
                        <ph indexes="3" scType="UK"/>
                        <ph indexes="4" scType="UK"/>
                        <ph indexes="5" scType="UK"/>
                    </sb>
                </pg>
            </ipaTier>
            <ipaTier form="actual">
                <pg>
                    <w>gʌmpɪn</w>
                    <sb>
                        <ph indexes="0" scType="UK"/>
                        <ph indexes="1" scType="UK"/>
                        <ph indexes="2" scType="UK"/>
                        <ph indexes="3" scType="UK"/>
                        <ph indexes="4" scType="UK"/>
                        <ph indexes="5" scType="UK"/>
                    </sb>
                </pg>
            </ipaTier>
            <alignment type="segmental">
                <ag length="0"/>
            </alignment>
            <segment startTime="90825.0" duration="1857.0" unitType="ms"/>
        </u>
        <u speaker="CHI" id="ac8bb729-4692-4044-beba-6e654c76ba9e" excludeFromSearches="false">
            <orthography>
                <g>
                    <w>chain</w>
                    <p type="PERIOD">.</p>
                </g>
            </orthography>
            <ipaTier form="model">
                <pg>
                    <w>ʧeɪn</w>
                    <sb>
                        <ph indexes="0" scType="UK"/>
                        <ph indexes="1" scType="UK"/>
                        <ph indexes="2" scType="UK"/>
                        <ph indexes="3" scType="UK"/>
                    </sb>
                </pg>
            </ipaTier>
            <ipaTier form="actual">
                <pg>
                    <w>gin</w>
                    <sb>
                        <ph indexes="0" scType="UK"/>
                        <ph indexes="1" scType="UK"/>
                        <ph indexes="2" scType="UK"/>
                    </sb>
                </pg>
            </ipaTier>
            <alignment type="segmental">
                <ag length="0"/>
            </alignment>
            <segment startTime="95399.0" duration="1328.0" unitType="ms"/>
        </u>
        <u speaker="CHI" id="8ae59c89-2aaa-42e9-9fb3-3b34a3b1c9a6" excludeFromSearches="false">
            <orthography>
                <g>
                    <w>fish</w>
                    <p type="PERIOD">.</p>
                </g>
            </orthography>
            <ipaTier form="model">
                <pg>
                    <w>fɪʃ</w>
                    <sb>
                        <ph indexes="0" scType="UK"/>
                        <ph indexes="1" scType="UK"/>
                        <ph indexes="2" scType="UK"/>
                    </sb>
                </pg>
            </ipaTier>
            <ipaTier form="actual">
                <pg>
                    <w>hɪs̪</w>
                    <sb>
                        <ph indexes="0" scType="UK"/>
                        <ph indexes="1" scType="UK"/>
                        <ph indexes="2 3" scType="UK"/>
                    </sb>
                </pg>
            </ipaTier>
            <alignment type="segmental">
                <ag length="0"/>
            </alignment>
            <segment startTime="97416.0" duration="1449.0" unitType="ms"/>
        </u>
        <u speaker="CHI" id="652268c4-5cfa-4afc-9442-8bdd2fc81010" excludeFromSearches="false">
            <orthography>
                <g>
                    <w>fishi</w>
                    <p type="PERIOD">.</p>
                </g>
            </orthography>
            <ipaTier form="model">
                <pg>
                    <w>fɪʃi</w>
                    <sb>
                        <ph indexes="0" scType="UK"/>
                        <ph indexes="1" scType="UK"/>
                        <ph indexes="2" scType="UK"/>
                        <ph indexes="3" scType="UK"/>
                    </sb>
                </pg>
            </ipaTier>
            <ipaTier form="actual">
                <pg>
                    <w>fɪsːi</w>
                    <sb>
                        <ph indexes="0" scType="UK"/>
                        <ph indexes="1" scType="UK"/>
                        <ph indexes="2 3" scType="UK"/>
                        <ph indexes="4" scType="UK"/>
                    </sb>
                </pg>
            </ipaTier>
            <alignment type="segmental">
                <ag length="0"/>
            </alignment>
            <segment startTime="99870.0" duration="1133.0" unitType="ms"/>
        </u>
        <u speaker="CHI" id="be0a82bc-6b01-4986-b8d9-a77eb3108387" excludeFromSearches="false">
            <orthography>
                <g>
                    <w>chalk</w>
                    <p type="PERIOD">.</p>
                </g>
            </orthography>
            <ipaTier form="model">
                <pg>
                    <w>ʧɑk</w>
                    <sb>
                        <ph indexes="0" scType="UK"/>
                        <ph indexes="1" scType="UK"/>
                        <ph indexes="2" scType="UK"/>
                    </sb>
                </pg>
            </ipaTier>
            <ipaTier form="actual">
                <pg>
                    <w>gɑk</w>
                    <sb>
                        <ph indexes="0" scType="UK"/>
                        <ph indexes="1" scType="UK"/>
                        <ph indexes="2" scType="UK"/>
                    </sb>
                </pg>
            </ipaTier>
            <alignment type="segmental">
                <ag length="0"/>
            </alignment>
            <segment startTime="105495.0" duration="1175.0" unitType="ms"/>
        </u>
        <u speaker="CHI" id="f9568cd3-60a0-4895-b044-aa5f77ac4631" excludeFromSearches="false">
            <orthography>
                <g>
                    <w>chalki</w>
                    <p type="PERIOD">.</p>
                </g>
            </orthography>
            <ipaTier form="model">
                <pg>
                    <w>ʧɑki</w>
                    <sb>
                        <ph indexes="0" scType="UK"/>
                        <ph indexes="1" scType="UK"/>
                        <ph indexes="2" scType="UK"/>
                        <ph indexes="3" scType="UK"/>
                    </sb>
                </pg>
            </ipaTier>
            <ipaTier form="actual">
                <pg>
                    <w>fːgɑki</w>
                    <sb>
                        <ph indexes="0 1" scType="UK"/>
                        <ph indexes="2" scType="UK"/>
                        <ph indexes="3" scType="UK"/>
                        <ph indexes="4" scType="UK"/>
                        <ph indexes="5" scType="UK"/>
                    </sb>
                </pg>
            </ipaTier>
            <alignment type="segmental">
                <ag length="0"/>
            </alignment>
            <segment startTime="108503.0" duration="1555.0" unitType="ms"/>
        </u>
        <u speaker="CHI" id="220d1e1f-f1e7-4807-a4a4-801cb106de25" excludeFromSearches="false">
            <orthography>
                <g>
                    <w>juice</w>
                    <p type="PERIOD">.</p>
                </g>
            </orthography>
            <ipaTier form="model">
                <pg>
                    <w>ʤus</w>
                    <sb>
                        <ph indexes="0" scType="UK"/>
                        <ph indexes="1" scType="UK"/>
                        <ph indexes="2" scType="UK"/>
                    </sb>
                </pg>
            </ipaTier>
            <ipaTier form="actual">
                <pg>
                    <w>fːgus</w>
                    <sb>
                        <ph indexes="0 1" scType="UK"/>
                        <ph indexes="2" scType="UK"/>
                        <ph indexes="3" scType="UK"/>
                        <ph indexes="4" scType="UK"/>
                    </sb>
                </pg>
            </ipaTier>
            <alignment type="segmental">
                <ag length="0"/>
            </alignment>
            <segment startTime="112635.0" duration="2664.0" unitType="ms"/>
        </u>
        <u speaker="CHI" id="e929145e-3630-411a-b179-a8af828f653b" excludeFromSearches="false">
            <orthography>
                <g>
                    <w>juicei</w>
                    <p type="PERIOD">.</p>
                </g>
            </orthography>
            <ipaTier form="model">
                <pg>
                    <w>ʤusi</w>
                    <sb>
                        <ph indexes="0" scType="UK"/>
                        <ph indexes="1" scType="UK"/>
                        <ph indexes="2" scType="UK"/>
                        <ph indexes="3" scType="UK"/>
                    </sb>
                </pg>
            </ipaTier>
            <ipaTier form="actual">
                <pg>
                    <w>gusgi</w>
                    <sb>
                        <ph indexes="0" scType="UK"/>
                        <ph indexes="1" scType="UK"/>
                        <ph indexes="2" scType="UK"/>
                        <ph indexes="3" scType="UK"/>
                        <ph indexes="4" scType="UK"/>
                    </sb>
                </pg>
            </ipaTier>
            <alignment type="segmental">
                <ag length="0"/>
            </alignment>
            <segment startTime="116230.0" duration="1478.0" unitType="ms"/>
        </u>
        <u speaker="CHI" id="ed5ba7bf-8cdb-4946-985e-337f7d5905d7" excludeFromSearches="false">
            <orthography>
                <g>
                    <w>witch</w>
                    <p type="PERIOD">.</p>
                </g>
            </orthography>
            <ipaTier form="model">
                <pg>
                    <w>wɪʧ</w>
                    <sb>
                        <ph indexes="0" scType="UK"/>
                        <ph indexes="1" scType="UK"/>
                        <ph indexes="2" scType="UK"/>
                    </sb>
                </pg>
            </ipaTier>
            <ipaTier form="actual">
                <pg>
                    <w>wɪʦ</w>
                    <sb>
                        <ph indexes="0" scType="UK"/>
                        <ph indexes="1" scType="UK"/>
                        <ph indexes="2" scType="UK"/>
                    </sb>
                </pg>
            </ipaTier>
            <alignment type="segmental">
                <ag length="0"/>
            </alignment>
            <segment startTime="121966.0" duration="1387.0" unitType="ms"/>
        </u>
        <u speaker="CHI" id="a30b74a1-a74f-4404-aee9-977a405df7a3" excludeFromSearches="false">
            <orthography>
                <g>
                    <w>witchi</w>
                    <p type="PERIOD">.</p>
                </g>
            </orthography>
            <ipaTier form="model">
                <pg>
                    <w>wɪʧi</w>
                    <sb>
                        <ph indexes="0" scType="UK"/>
                        <ph indexes="1" scType="UK"/>
                        <ph indexes="2" scType="UK"/>
                        <ph indexes="3" scType="UK"/>
                    </sb>
                </pg>
            </ipaTier>
            <ipaTier form="actual">
                <pg>
                    <w>wɪsːgi</w>
                    <sb>
                        <ph indexes="0" scType="UK"/>
                        <ph indexes="1" scType="UK"/>
                        <ph indexes="2 3" scType="UK"/>
                        <ph indexes="4" scType="UK"/>
                        <ph indexes="5" scType="UK"/>
                    </sb>
                </pg>
            </ipaTier>
            <alignment type="segmental">
                <ag length="0"/>
            </alignment>
            <segment startTime="124931.0" duration="1672.0" unitType="ms"/>
        </u>
        <u speaker="CHI" id="f58407af-a176-416e-a937-e07c12f5fc0a" excludeFromSearches="false">
            <orthography>
                <g>
                    <w>badge</w>
                    <p type="PERIOD">.</p>
                </g>
            </orthography>
            <ipaTier form="model">
                <pg>
                    <w>bæʤ</w>
                    <sb>
                        <ph indexes="0" scType="UK"/>
                        <ph indexes="1" scType="UK"/>
                        <ph indexes="2" scType="UK"/>
                    </sb>
                </pg>
            </ipaTier>
            <ipaTier form="actual">
                <pg>
                    <w>fːbæds</w>
                    <sb>
                        <ph indexes="0 1" scType="UK"/>
                        <ph indexes="2" scType="UK"/>
                        <ph indexes="3" scType="UK"/>
                        <ph indexes="4" scType="UK"/>
                        <ph indexes="5" scType="UK"/>
                    </sb>
                </pg>
            </ipaTier>
            <alignment type="segmental">
                <ag length="0"/>
            </alignment>
            <segment startTime="136064.0" duration="1182.0" unitType="ms"/>
        </u>
        <u speaker="CHI" id="cf92a539-372d-470f-9d9a-8f68efa0f95f" excludeFromSearches="false">
            <orthography>
                <g>
                    <w>badgei</w>
                    <p type="PERIOD">.</p>
                </g>
            </orthography>
            <ipaTier form="model">
                <pg>
                    <w>bæʤi</w>
                    <sb>
                        <ph indexes="0" scType="UK"/>
                        <ph indexes="1" scType="UK"/>
                        <ph indexes="2" scType="UK"/>
                        <ph indexes="3" scType="UK"/>
                    </sb>
                </pg>
            </ipaTier>
            <ipaTier form="actual">
                <pg>
                    <w>bæs̪gi</w>
                    <sb>
                        <ph indexes="0" scType="UK"/>
                        <ph indexes="1" scType="UK"/>
                        <ph indexes="2 3" scType="UK"/>
                        <ph indexes="4" scType="UK"/>
                        <ph indexes="5" scType="UK"/>
                    </sb>
                </pg>
            </ipaTier>
            <alignment type="segmental">
                <ag length="0"/>
            </alignment>
            <segment startTime="138396.0" duration="1861.0" unitType="ms"/>
        </u>
        <u speaker="CHI" id="ee0266f6-01b2-4378-98f5-722a1197a121" excludeFromSearches="false">
            <orthography>
                <g>
                    <w>page</w>
                    <p type="PERIOD">.</p>
                </g>
            </orthography>
            <ipaTier form="model">
                <pg>
                    <w>pʰeɪʤ</w>
                    <sb>
                        <ph indexes="0 1" scType="UK"/>
                        <ph indexes="2" scType="UK"/>
                        <ph indexes="3" scType="UK"/>
                        <ph indexes="4" scType="UK"/>
                    </sb>
                </pg>
            </ipaTier>
            <ipaTier form="actual">
                <pg>
                    <w>beɪds</w>
                    <sb>
                        <ph indexes="0" scType="UK"/>
                        <ph indexes="1" scType="UK"/>
                        <ph indexes="2" scType="UK"/>
                        <ph indexes="3" scType="UK"/>
                        <ph indexes="4" scType="UK"/>
                    </sb>
                </pg>
            </ipaTier>
            <alignment type="segmental">
                <ag length="0"/>
            </alignment>
            <segment startTime="142217.0" duration="1511.0" unitType="ms"/>
        </u>
        <u speaker="CHI" id="061069f5-0eaf-45e1-9c21-a25806904244" excludeFromSearches="false">
            <orthography>
                <g>
                    <w>pagei</w>
                    <p type="PERIOD">.</p>
                </g>
            </orthography>
            <ipaTier form="model">
                <pg>
                    <w>pʰeɪʤi</w>
                    <sb>
                        <ph indexes="0 1" scType="UK"/>
                        <ph indexes="2" scType="UK"/>
                        <ph indexes="3" scType="UK"/>
                        <ph indexes="4" scType="UK"/>
                        <ph indexes="5" scType="UK"/>
                    </sb>
                </pg>
            </ipaTier>
            <ipaTier form="actual">
                <pg>
                    <w>beɪdsgi</w>
                    <sb>
                        <ph indexes="0" scType="UK"/>
                        <ph indexes="1" scType="UK"/>
                        <ph indexes="2" scType="UK"/>
                        <ph indexes="3" scType="UK"/>
                        <ph indexes="4" scType="UK"/>
                        <ph indexes="5" scType="UK"/>
                        <ph indexes="6" scType="UK"/>
                    </sb>
                </pg>
            </ipaTier>
            <alignment type="segmental">
                <ag length="0"/>
            </alignment>
            <segment startTime="144740.0" duration="1587.0" unitType="ms"/>
        </u>
        <u speaker="CHI" id="c008e594-ad2d-4275-8697-236e501c3b05" excludeFromSearches="false">
            <orthography>
                <g>
                    <w>cheese</w>
                    <p type="PERIOD">.</p>
                </g>
            </orthography>
            <ipaTier form="model">
                <pg>
                    <w>ʧiz</w>
                    <sb>
                        <ph indexes="0" scType="UK"/>
                        <ph indexes="1" scType="UK"/>
                        <ph indexes="2" scType="UK"/>
                    </sb>
                </pg>
            </ipaTier>
            <ipaTier form="actual">
                <pg>
                    <w>sːgis</w>
                    <sb>
                        <ph indexes="0 1" scType="UK"/>
                        <ph indexes="2" scType="UK"/>
                        <ph indexes="3" scType="UK"/>
                        <ph indexes="4" scType="UK"/>
                    </sb>
                </pg>
            </ipaTier>
            <alignment type="segmental">
                <ag length="0"/>
            </alignment>
            <segment startTime="148379.0" duration="1416.0" unitType="ms"/>
        </u>
        <u speaker="CHI" id="63f9da49-9bbc-45fd-b2d8-07daa80c05b9" excludeFromSearches="false">
            <orthography>
                <g>
                    <w>cheesei</w>
                    <p type="PERIOD">.</p>
                </g>
            </orthography>
            <ipaTier form="model">
                <pg>
                    <w>ʧizi</w>
                    <sb>
                        <ph indexes="0" scType="UK"/>
                        <ph indexes="1" scType="UK"/>
                        <ph indexes="2" scType="UK"/>
                        <ph indexes="3" scType="UK"/>
                    </sb>
                </pg>
            </ipaTier>
            <ipaTier form="actual">
                <pg>
                    <w>gisgi</w>
                    <sb>
                        <ph indexes="0" scType="UK"/>
                        <ph indexes="1" scType="UK"/>
                        <ph indexes="2" scType="UK"/>
                        <ph indexes="3" scType="UK"/>
                        <ph indexes="4" scType="UK"/>
                    </sb>
                </pg>
            </ipaTier>
            <alignment type="segmental">
                <ag length="0"/>
            </alignment>
            <segment startTime="151197.0" duration="1817.0" unitType="ms"/>
        </u>
        <u speaker="CHI" id="14571941-e57b-46b6-affb-aaa3faad1465" excludeFromSearches="false">
            <orthography>
                <g>
                    <w>peach</w>
                    <p type="PERIOD">.</p>
                </g>
            </orthography>
            <ipaTier form="model">
                <pg>
                    <w>pʰiʧ</w>
                    <sb>
                        <ph indexes="0 1" scType="UK"/>
                        <ph indexes="2" scType="UK"/>
                        <ph indexes="3" scType="UK"/>
                    </sb>
                </pg>
            </ipaTier>
            <ipaTier form="actual">
                <pg>
                    <w>biʦ</w>
                    <sb>
                        <ph indexes="0" scType="UK"/>
                        <ph indexes="1" scType="UK"/>
                        <ph indexes="2" scType="UK"/>
                    </sb>
                </pg>
            </ipaTier>
            <alignment type="segmental">
                <ag length="0"/>
            </alignment>
            <segment startTime="157043.0" duration="1796.0" unitType="ms"/>
        </u>
        <u speaker="CHI" id="9a18a119-36c2-4248-a5c8-19ef05d19ce3" excludeFromSearches="false">
            <orthography>
                <g>
                    <w>peachi</w>
                    <p type="PERIOD">.</p>
                </g>
            </orthography>
            <ipaTier form="model">
                <pg>
                    <w>pʰiʧi</w>
                    <sb>
                        <ph indexes="0 1" scType="UK"/>
                        <ph indexes="2" scType="UK"/>
                        <ph indexes="3" scType="UK"/>
                        <ph indexes="4" scType="UK"/>
                    </sb>
                </pg>
            </ipaTier>
            <ipaTier form="actual">
                <pg>
                    <w>bisgi</w>
                    <sb>
                        <ph indexes="0" scType="UK"/>
                        <ph indexes="1" scType="UK"/>
                        <ph indexes="2" scType="UK"/>
                        <ph indexes="3" scType="UK"/>
                        <ph indexes="4" scType="UK"/>
                    </sb>
                </pg>
            </ipaTier>
            <alignment type="segmental">
                <ag length="0"/>
            </alignment>
            <segment startTime="159596.0" duration="1718.0" unitType="ms"/>
        </u>
        <u speaker="CHI" id="f9c84bc3-f92a-440b-a13b-c4498ce90a97" excludeFromSearches="false">
            <orthography>
                <g>
                    <w>watch</w>
                    <p type="PERIOD">.</p>
                </g>
            </orthography>
            <ipaTier form="model">
                <pg>
                    <w>wɑʧ</w>
                    <sb>
                        <ph indexes="0" scType="UK"/>
                        <ph indexes="1" scType="UK"/>
                        <ph indexes="2" scType="UK"/>
                    </sb>
                </pg>
            </ipaTier>
            <ipaTier form="actual">
                <pg>
                    <w>gwɑk</w>
                    <sb>
                        <ph indexes="0" scType="UK"/>
                        <ph indexes="1" scType="UK"/>
                        <ph indexes="2" scType="UK"/>
                        <ph indexes="3" scType="UK"/>
                    </sb>
                </pg>
            </ipaTier>
            <alignment type="segmental">
                <ag length="0"/>
            </alignment>
            <segment startTime="162705.0" duration="1066.0" unitType="ms"/>
        </u>
        <u speaker="CHI" id="d30b06c7-8134-41c1-9a4b-bc8ff109383d" excludeFromSearches="false">
            <orthography>
                <g>
                    <w>watchi</w>
                    <p type="PERIOD">.</p>
                </g>
            </orthography>
            <ipaTier form="model">
                <pg>
                    <w>wɑʧi</w>
                    <sb>
                        <ph indexes="0" scType="UK"/>
                        <ph indexes="1" scType="UK"/>
                        <ph indexes="2" scType="UK"/>
                        <ph indexes="3" scType="UK"/>
                    </sb>
                </pg>
            </ipaTier>
            <ipaTier form="actual">
                <pg>
                    <w>gwɑki</w>
                    <sb>
                        <ph indexes="0" scType="UK"/>
                        <ph indexes="1" scType="UK"/>
                        <ph indexes="2" scType="UK"/>
                        <ph indexes="3" scType="UK"/>
                        <ph indexes="4" scType="UK"/>
                    </sb>
                </pg>
            </ipaTier>
            <alignment type="segmental">
                <ag length="0"/>
            </alignment>
            <segment startTime="164025.0" duration="878.0" unitType="ms"/>
        </u>
        <u speaker="CHI" id="6cca3ce9-04b9-457d-aebc-97d0fc97d280" excludeFromSearches="false">
            <orthography>
                <g>
                    <w>bridge</w>
                    <p type="PERIOD">.</p>
                </g>
            </orthography>
            <ipaTier form="model">
                <pg>
                    <w>brɪʤ</w>
                    <sb>
                        <ph indexes="0" scType="UK"/>
                        <ph indexes="1" scType="UK"/>
                        <ph indexes="2" scType="UK"/>
                        <ph indexes="3" scType="UK"/>
                    </sb>
                </pg>
            </ipaTier>
            <ipaTier form="actual">
                <pg>
                    <w>bwɪs̪</w>
                    <sb>
                        <ph indexes="0" scType="UK"/>
                        <ph indexes="1" scType="UK"/>
                        <ph indexes="2" scType="UK"/>
                        <ph indexes="3 4" scType="UK"/>
                    </sb>
                </pg>
            </ipaTier>
            <alignment type="segmental">
                <ag length="0"/>
            </alignment>
            <segment startTime="166051.0" duration="1251.0" unitType="ms"/>
        </u>
        <u speaker="CHI" id="0b3de65f-78ce-4e2c-a732-1fa3f3404166" excludeFromSearches="false">
            <orthography>
                <g>
                    <w>bridgei</w>
                    <p type="PERIOD">.</p>
                </g>
            </orthography>
            <ipaTier form="model">
                <pg>
                    <w>brɪʤi</w>
                    <sb>
                        <ph indexes="0" scType="UK"/>
                        <ph indexes="1" scType="UK"/>
                        <ph indexes="2" scType="UK"/>
                        <ph indexes="3" scType="UK"/>
                        <ph indexes="4" scType="UK"/>
                    </sb>
                </pg>
            </ipaTier>
            <ipaTier form="actual">
                <pg>
                    <w>bwɪsgi</w>
                    <sb>
                        <ph indexes="0" scType="UK"/>
                        <ph indexes="1" scType="UK"/>
                        <ph indexes="2" scType="UK"/>
                        <ph indexes="3" scType="UK"/>
                        <ph indexes="4" scType="UK"/>
                        <ph indexes="5" scType="UK"/>
                    </sb>
                </pg>
            </ipaTier>
            <alignment type="segmental">
                <ag length="0"/>
            </alignment>
            <segment startTime="167302.0" duration="957.0" unitType="ms"/>
        </u>
        <u speaker="CHI" id="8196cb87-00ff-45f7-a236-c5d2046c7e05" excludeFromSearches="false">
            <orthography>
                <g>
                    <w>wish</w>
                    <p type="PERIOD">.</p>
                </g>
            </orthography>
            <ipaTier form="model">
                <pg>
                    <w>wɪʃ</w>
                    <sb>
                        <ph indexes="0" scType="UK"/>
                        <ph indexes="1" scType="UK"/>
                        <ph indexes="2" scType="UK"/>
                    </sb>
                </pg>
            </ipaTier>
            <ipaTier form="actual">
                <pg>
                    <w>wɪʦ</w>
                    <sb>
                        <ph indexes="0" scType="UK"/>
                        <ph indexes="1" scType="UK"/>
                        <ph indexes="2" scType="UK"/>
                    </sb>
                </pg>
            </ipaTier>
            <alignment type="segmental">
                <ag length="0"/>
            </alignment>
            <segment startTime="170936.0" duration="1912.0" unitType="ms"/>
        </u>
        <u speaker="CHI" id="1d5cf048-2187-40fc-ac15-c146e33da1ae" excludeFromSearches="false">
            <orthography>
                <g>
                    <w>wishi</w>
                    <p type="PERIOD">.</p>
                </g>
            </orthography>
            <ipaTier form="model">
                <pg>
                    <w>wɪʃi</w>
                    <sb>
                        <ph indexes="0" scType="UK"/>
                        <ph indexes="1" scType="UK"/>
                        <ph indexes="2" scType="UK"/>
                        <ph indexes="3" scType="UK"/>
                    </sb>
                </pg>
            </ipaTier>
            <ipaTier form="actual">
                <pg>
                    <w>wɪsgi</w>
                    <sb>
                        <ph indexes="0" scType="UK"/>
                        <ph indexes="1" scType="UK"/>
                        <ph indexes="2" scType="UK"/>
                        <ph indexes="3" scType="UK"/>
                        <ph indexes="4" scType="UK"/>
                    </sb>
                </pg>
            </ipaTier>
            <alignment type="segmental">
                <ag length="0"/>
            </alignment>
            <segment startTime="173478.0" duration="1898.0" unitType="ms"/>
        </u>
        <u speaker="CHI" id="d0c66571-e98f-433b-86d8-417e093b874b" excludeFromSearches="false">
            <orthography>
                <g>
                    <w>cage</w>
                    <p type="PERIOD">.</p>
                </g>
            </orthography>
            <ipaTier form="model">
                <pg>
                    <w>kʰeɪʤ</w>
                    <sb>
                        <ph indexes="0 1" scType="UK"/>
                        <ph indexes="2" scType="UK"/>
                        <ph indexes="3" scType="UK"/>
                        <ph indexes="4" scType="UK"/>
                    </sb>
                </pg>
            </ipaTier>
            <ipaTier form="actual">
                <pg>
                    <w>geɪʦ</w>
                    <sb>
                        <ph indexes="0" scType="UK"/>
                        <ph indexes="1" scType="UK"/>
                        <ph indexes="2" scType="UK"/>
                        <ph indexes="3" scType="UK"/>
                    </sb>
                </pg>
            </ipaTier>
            <alignment type="segmental">
                <ag length="0"/>
            </alignment>
            <segment startTime="178111.0" duration="1226.0" unitType="ms"/>
        </u>
        <u speaker="CHI" id="b6efdc24-65e3-4d59-8392-1201c868e802" excludeFromSearches="false">
            <orthography>
                <g>
                    <w>cagei</w>
                    <p type="PERIOD">.</p>
                </g>
            </orthography>
            <ipaTier form="model">
                <pg>
                    <w>kʰeɪʤi</w>
                    <sb>
                        <ph indexes="0 1" scType="UK"/>
                        <ph indexes="2" scType="UK"/>
                        <ph indexes="3" scType="UK"/>
                        <ph indexes="4" scType="UK"/>
                        <ph indexes="5" scType="UK"/>
                    </sb>
                </pg>
            </ipaTier>
            <ipaTier form="actual">
                <pg>
                    <w>geɪs̪gi</w>
                    <sb>
                        <ph indexes="0" scType="UK"/>
                        <ph indexes="1" scType="UK"/>
                        <ph indexes="2" scType="UK"/>
                        <ph indexes="3 4" scType="UK"/>
                        <ph indexes="5" scType="UK"/>
                        <ph indexes="6" scType="UK"/>
                    </sb>
                </pg>
            </ipaTier>
            <alignment type="segmental">
                <ag length="0"/>
            </alignment>
            <segment startTime="179328.0" duration="966.0" unitType="ms"/>
        </u>
        <u speaker="CHI" id="eaaaeb52-6eb8-4e07-80c1-bc9a5a565689" excludeFromSearches="false">
            <orthography>
                <g>
                    <w>splash</w>
                    <p type="PERIOD">.</p>
                </g>
            </orthography>
            <ipaTier form="model">
                <pg>
                    <w>splæʃ</w>
                    <sb>
                        <ph indexes="0" scType="UK"/>
                        <ph indexes="1" scType="UK"/>
                        <ph indexes="2" scType="UK"/>
                        <ph indexes="3" scType="UK"/>
                        <ph indexes="4" scType="UK"/>
                    </sb>
                </pg>
            </ipaTier>
            <ipaTier form="actual">
                <pg>
                    <w>wæs</w>
                    <sb>
                        <ph indexes="0" scType="UK"/>
                        <ph indexes="1" scType="UK"/>
                        <ph indexes="2" scType="UK"/>
                    </sb>
                </pg>
            </ipaTier>
            <alignment type="segmental">
                <ag length="0"/>
            </alignment>
            <segment startTime="184553.0" duration="830.0" unitType="ms"/>
        </u>
        <u speaker="CHI" id="68865ad7-c6ea-48f9-9795-74ad08101a4b" excludeFromSearches="false">
            <orthography>
                <g>
                    <w>splashing</w>
                    <p type="PERIOD">.</p>
                </g>
            </orthography>
            <ipaTier form="model">
                <pg>
                    <w>splæʃɪŋ</w>
                    <sb>
                        <ph indexes="0" scType="UK"/>
                        <ph indexes="1" scType="UK"/>
                        <ph indexes="2" scType="UK"/>
                        <ph indexes="3" scType="UK"/>
                        <ph indexes="4" scType="UK"/>
                        <ph indexes="5" scType="UK"/>
                        <ph indexes="6" scType="UK"/>
                    </sb>
                </pg>
            </ipaTier>
            <ipaTier form="actual">
                <pg>
                    <w>bwæsgi</w>
                    <sb>
                        <ph indexes="0" scType="UK"/>
                        <ph indexes="1" scType="UK"/>
                        <ph indexes="2" scType="UK"/>
                        <ph indexes="3" scType="UK"/>
                        <ph indexes="4" scType="UK"/>
                        <ph indexes="5" scType="UK"/>
                    </sb>
                </pg>
            </ipaTier>
            <alignment type="segmental">
                <ag length="0"/>
            </alignment>
            <segment startTime="185383.0" duration="1163.0" unitType="ms"/>
        </u>
        <u speaker="CHI" id="85eeb2a3-85fb-4f53-8bde-38fed0a295d5" excludeFromSearches="false">
            <orthography>
                <g>
                    <w>catching</w>
                    <p type="PERIOD">.</p>
                </g>
            </orthography>
            <ipaTier form="model">
                <pg>
                    <w>kʰɛʧɪŋ</w>
                    <sb>
                        <ph indexes="0 1" scType="UK"/>
                        <ph indexes="2" scType="UK"/>
                        <ph indexes="3" scType="UK"/>
                        <ph indexes="4" scType="UK"/>
                        <ph indexes="5" scType="UK"/>
                    </sb>
                </pg>
            </ipaTier>
            <ipaTier form="actual">
                <pg>
                    <w>gɛsgi</w>
                    <sb>
                        <ph indexes="0" scType="UK"/>
                        <ph indexes="1" scType="UK"/>
                        <ph indexes="2" scType="UK"/>
                        <ph indexes="3" scType="UK"/>
                        <ph indexes="4" scType="UK"/>
                    </sb>
                </pg>
            </ipaTier>
            <alignment type="segmental">
                <ag length="0"/>
            </alignment>
            <segment startTime="191465.0" duration="1533.0" unitType="ms"/>
        </u>
        <u speaker="CHI" id="0ae2a62e-f1cc-4b47-b2e4-8ee80d23f5f3" excludeFromSearches="false">
            <orthography>
                <g>
                    <w>catch</w>
                    <p type="PERIOD">.</p>
                </g>
            </orthography>
            <ipaTier form="model">
                <pg>
                    <w>kʰɛʧ</w>
                    <sb>
                        <ph indexes="0 1" scType="UK"/>
                        <ph indexes="2" scType="UK"/>
                        <ph indexes="3" scType="UK"/>
                    </sb>
                </pg>
            </ipaTier>
            <ipaTier form="actual">
                <pg>
                    <w>gɛs</w>
                    <sb>
                        <ph indexes="0" scType="UK"/>
                        <ph indexes="1" scType="UK"/>
                        <ph indexes="2" scType="UK"/>
                    </sb>
                </pg>
            </ipaTier>
            <alignment type="segmental">
                <ag length="0"/>
            </alignment>
            <segment startTime="192998.0" duration="851.0" unitType="ms"/>
        </u>
        <u speaker="CHI" id="3499a5f1-fa85-442e-a8d4-f39498e0713f" excludeFromSearches="false">
            <orthography>
                <g>
                    <w>shave</w>
                    <p type="PERIOD">.</p>
                </g>
            </orthography>
            <ipaTier form="model">
                <pg>
                    <w>ʃeɪv</w>
                    <sb>
                        <ph indexes="0" scType="UK"/>
                        <ph indexes="1" scType="UK"/>
                        <ph indexes="2" scType="UK"/>
                        <ph indexes="3" scType="UK"/>
                    </sb>
                </pg>
            </ipaTier>
            <ipaTier form="actual">
                <pg>
                    <w>geɪv</w>
                    <sb>
                        <ph indexes="0" scType="UK"/>
                        <ph indexes="1" scType="UK"/>
                        <ph indexes="2" scType="UK"/>
                        <ph indexes="3" scType="UK"/>
                    </sb>
                </pg>
            </ipaTier>
            <alignment type="segmental">
                <ag length="0"/>
            </alignment>
            <segment startTime="200302.0" duration="1511.0" unitType="ms"/>
        </u>
        <u speaker="CHI" id="db1cc95d-36a0-44fd-80da-7ed48d287e31" excludeFromSearches="false">
            <orthography>
                <g>
                    <w>shaving</w>
                    <p type="PERIOD">.</p>
                </g>
            </orthography>
            <ipaTier form="model">
                <pg>
                    <w>ʃeɪvɪŋ</w>
                    <sb>
                        <ph indexes="0" scType="UK"/>
                        <ph indexes="1" scType="UK"/>
                        <ph indexes="2" scType="UK"/>
                        <ph indexes="3" scType="UK"/>
                        <ph indexes="4" scType="UK"/>
                        <ph indexes="5" scType="UK"/>
                    </sb>
                </pg>
            </ipaTier>
            <ipaTier form="actual">
                <pg>
                    <w>geɪvgɪn</w>
                    <sb>
                        <ph indexes="0" scType="UK"/>
                        <ph indexes="1" scType="UK"/>
                        <ph indexes="2" scType="UK"/>
                        <ph indexes="3" scType="UK"/>
                        <ph indexes="4" scType="UK"/>
                        <ph indexes="5" scType="UK"/>
                        <ph indexes="6" scType="UK"/>
                    </sb>
                </pg>
            </ipaTier>
            <alignment type="segmental">
                <ag length="0"/>
            </alignment>
            <segment startTime="201813.0" duration="482.0" unitType="ms"/>
        </u>
        <u speaker="CHI" id="898d3c5d-f7f6-4b75-816d-bde9914dcad9" excludeFromSearches="false">
            <orthography>
                <g>
                    <w>crash</w>
                    <p type="PERIOD">.</p>
                </g>
            </orthography>
            <ipaTier form="model">
                <pg>
                    <w>kræʃ</w>
                    <sb>
                        <ph indexes="0" scType="UK"/>
                        <ph indexes="1" scType="UK"/>
                        <ph indexes="2" scType="UK"/>
                        <ph indexes="3" scType="UK"/>
                    </sb>
                </pg>
            </ipaTier>
            <ipaTier form="actual">
                <pg>
                    <w>gwæs</w>
                    <sb>
                        <ph indexes="0" scType="UK"/>
                        <ph indexes="1" scType="UK"/>
                        <ph indexes="2" scType="UK"/>
                        <ph indexes="3" scType="UK"/>
                    </sb>
                </pg>
            </ipaTier>
            <alignment type="segmental">
                <ag length="0"/>
            </alignment>
            <segment startTime="211359.0" duration="1139.0" unitType="ms"/>
        </u>
        <u speaker="CHI" id="a15fa772-5b64-428d-bfe9-e1b9a7eb1d75" excludeFromSearches="false">
            <orthography>
                <g>
                    <w>crashing</w>
                    <p type="PERIOD">.</p>
                </g>
            </orthography>
            <ipaTier form="model">
                <pg>
                    <w>kræʃɪŋ</w>
                    <sb>
                        <ph indexes="0" scType="UK"/>
                        <ph indexes="1" scType="UK"/>
                        <ph indexes="2" scType="UK"/>
                        <ph indexes="3" scType="UK"/>
                        <ph indexes="4" scType="UK"/>
                        <ph indexes="5" scType="UK"/>
                    </sb>
                </pg>
            </ipaTier>
            <ipaTier form="actual">
                <pg>
                    <w>gwæsgɪŋ</w>
                    <sb>
                        <ph indexes="0" scType="UK"/>
                        <ph indexes="1" scType="UK"/>
                        <ph indexes="2" scType="UK"/>
                        <ph indexes="3" scType="UK"/>
                        <ph indexes="4" scType="UK"/>
                        <ph indexes="5" scType="UK"/>
                        <ph indexes="6" scType="UK"/>
                    </sb>
                </pg>
            </ipaTier>
            <alignment type="segmental">
                <ag length="0"/>
            </alignment>
            <segment startTime="212453.0" duration="856.0" unitType="ms"/>
        </u>
    </transcript>
</session>
