<?xml version="1.0" encoding="UTF-8" standalone="yes"?>
<session xmlns="http://phon.ling.mun.ca/ns/phonbank" id="041116" corpus="PD16" version="PB1.2">
    <header>
        <date>1984-01-01</date>
        <language>eng</language>
        <media>041116.wav</media>
    </header>
    <participants>
        <participant id="CHI">
            <role>Target Child</role>
            <name>PD16</name>
            <sex>male</sex>
            <birthday>1984-01-01</birthday>
            <age>P4Y11M16DT0H0M0S</age>
            <language>eng</language>
        </participant>
    </participants>
    <transcribers/>
    <userTiers/>
    <tierOrder>
        <tier tierName="Orthography" visible="true" locked="false" font="default"/>
        <tier tierName="IPA Target" visible="true" locked="false" font="default"/>
        <tier tierName="IPA Actual" visible="true" locked="false" font="default"/>
        <tier tierName="Notes" visible="true" locked="false" font="default"/>
        <tier tierName="Segment" visible="true" locked="false" font="default"/>
    </tierOrder>
    <transcript>
        <comment type="Code">pid 11312/c-00042599-1</comment>
        <comment type="Date">01-JAN-1984</comment>
        <u speaker="CHI" id="40e451fa-ab9a-435c-957d-8334eed113e3" excludeFromSearches="false">
            <orthography>
                <g>
                    <w>glasses</w>
                    <p type="PERIOD">.</p>
                </g>
            </orthography>
            <ipaTier form="model">
                <pg>
                    <w>glæsɛz</w>
                    <sb>
                        <ph indexes="0" scType="UK"/>
                        <ph indexes="1" scType="UK"/>
                        <ph indexes="2" scType="UK"/>
                        <ph indexes="3" scType="UK"/>
                        <ph indexes="4" scType="UK"/>
                        <ph indexes="5" scType="UK"/>
                    </sb>
                </pg>
            </ipaTier>
            <ipaTier form="actual">
                <pg>
                    <w>gæzɪs</w>
                    <sb>
                        <ph indexes="0" scType="UK"/>
                        <ph indexes="1" scType="UK"/>
                        <ph indexes="2" scType="UK"/>
                        <ph indexes="3" scType="UK"/>
                        <ph indexes="4" scType="UK"/>
                    </sb>
                </pg>
            </ipaTier>
            <alignment type="segmental">
                <ag length="0"/>
            </alignment>
            <segment startTime="5003.0" duration="3000.0005" unitType="ms"/>
        </u>
        <u speaker="CHI" id="369bd568-88c3-46d1-8079-fe54720d2816" excludeFromSearches="false">
            <orthography>
                <g>
                    <w>elephant</w>
                    <p type="PERIOD">.</p>
                </g>
            </orthography>
            <ipaTier form="model">
                <pg>
                    <w>ɛləfɪnt</w>
                    <sb>
                        <ph indexes="0" scType="UK"/>
                        <ph indexes="1" scType="UK"/>
                        <ph indexes="2" scType="UK"/>
                        <ph indexes="3" scType="UK"/>
                        <ph indexes="4" scType="UK"/>
                        <ph indexes="5" scType="UK"/>
                        <ph indexes="6" scType="UK"/>
                    </sb>
                </pg>
            </ipaTier>
            <ipaTier form="actual">
                <pg>
                    <w>æbəʔɪntʰ</w>
                    <sb>
                        <ph indexes="0" scType="UK"/>
                        <ph indexes="1" scType="UK"/>
                        <ph indexes="2" scType="UK"/>
                        <ph indexes="3" scType="UK"/>
                        <ph indexes="4" scType="UK"/>
                        <ph indexes="5" scType="UK"/>
                        <ph indexes="6 7" scType="UK"/>
                    </sb>
                </pg>
            </ipaTier>
            <alignment type="segmental">
                <ag length="0"/>
            </alignment>
            <segment startTime="10903.0" duration="3000.0" unitType="ms"/>
        </u>
        <u speaker="CHI" id="7290c195-0c7a-4167-8f26-d54642d09f7e" excludeFromSearches="false">
            <orthography>
                <g>
                    <w>plate</w>
                    <p type="PERIOD">.</p>
                </g>
            </orthography>
            <ipaTier form="model">
                <pg>
                    <w>pleɪt</w>
                    <sb>
                        <ph indexes="0" scType="UK"/>
                        <ph indexes="1" scType="UK"/>
                        <ph indexes="2" scType="UK"/>
                        <ph indexes="3" scType="UK"/>
                        <ph indexes="4" scType="UK"/>
                    </sb>
                </pg>
            </ipaTier>
            <ipaTier form="actual">
                <pg>
                    <w>beɪtʰ</w>
                    <sb>
                        <ph indexes="0" scType="UK"/>
                        <ph indexes="1" scType="UK"/>
                        <ph indexes="2" scType="UK"/>
                        <ph indexes="3 4" scType="UK"/>
                    </sb>
                </pg>
            </ipaTier>
            <alignment type="segmental">
                <ag length="0"/>
            </alignment>
            <segment startTime="15703.0" duration="3000.0" unitType="ms"/>
        </u>
        <u speaker="CHI" id="bef5f601-4769-442d-a61b-ca4486a026a2" excludeFromSearches="false">
            <orthography>
                <g>
                    <w>vanilla</w>
                    <p type="PERIOD">.</p>
                </g>
            </orthography>
            <ipaTier form="model">
                <pg>
                    <w>vənɪlə</w>
                    <sb>
                        <ph indexes="0" scType="UK"/>
                        <ph indexes="1" scType="UK"/>
                        <ph indexes="2" scType="UK"/>
                        <ph indexes="3" scType="UK"/>
                        <ph indexes="4" scType="UK"/>
                        <ph indexes="5" scType="UK"/>
                    </sb>
                </pg>
            </ipaTier>
            <ipaTier form="actual">
                <pg>
                    <w>nəmbivə</w>
                    <sb>
                        <ph indexes="0" scType="UK"/>
                        <ph indexes="1" scType="UK"/>
                        <ph indexes="2" scType="UK"/>
                        <ph indexes="3" scType="UK"/>
                        <ph indexes="4" scType="UK"/>
                        <ph indexes="5" scType="UK"/>
                        <ph indexes="6" scType="UK"/>
                    </sb>
                </pg>
            </ipaTier>
            <alignment type="segmental">
                <ag length="0"/>
            </alignment>
            <segment startTime="19803.0" duration="3000.0" unitType="ms"/>
        </u>
        <u speaker="CHI" id="95f65764-13a8-476c-a3ea-9c9c7c8790e9" excludeFromSearches="false">
            <orthography>
                <g>
                    <w>lemon</w>
                    <p type="PERIOD">.</p>
                </g>
            </orthography>
            <ipaTier form="model">
                <pg>
                    <w>lɛmɪn</w>
                    <sb>
                        <ph indexes="0" scType="UK"/>
                        <ph indexes="1" scType="UK"/>
                        <ph indexes="2" scType="UK"/>
                        <ph indexes="3" scType="UK"/>
                        <ph indexes="4" scType="UK"/>
                    </sb>
                </pg>
            </ipaTier>
            <ipaTier form="actual">
                <pg>
                    <w>mʌʔɪn</w>
                    <sb>
                        <ph indexes="0" scType="UK"/>
                        <ph indexes="1" scType="UK"/>
                        <ph indexes="2" scType="UK"/>
                        <ph indexes="3" scType="UK"/>
                        <ph indexes="4" scType="UK"/>
                    </sb>
                </pg>
            </ipaTier>
            <alignment type="segmental">
                <ag length="0"/>
            </alignment>
            <segment startTime="27405.0" duration="3000.0" unitType="ms"/>
        </u>
        <u speaker="CHI" id="558a614b-a21b-4f89-8edd-d0e5385af553" excludeFromSearches="false">
            <orthography>
                <g>
                    <w>yellow</w>
                    <p type="PERIOD">.</p>
                </g>
            </orthography>
            <ipaTier form="model">
                <pg>
                    <w>jɛloʊ</w>
                    <sb>
                        <ph indexes="0" scType="UK"/>
                        <ph indexes="1" scType="UK"/>
                        <ph indexes="2" scType="UK"/>
                        <ph indexes="3" scType="UK"/>
                        <ph indexes="4" scType="UK"/>
                    </sb>
                </pg>
            </ipaTier>
            <ipaTier form="actual">
                <pg>
                    <w>dɛdoʊ</w>
                    <sb>
                        <ph indexes="0" scType="UK"/>
                        <ph indexes="1" scType="UK"/>
                        <ph indexes="2" scType="UK"/>
                        <ph indexes="3" scType="UK"/>
                        <ph indexes="4" scType="UK"/>
                    </sb>
                </pg>
            </ipaTier>
            <alignment type="segmental">
                <ag length="0"/>
            </alignment>
            <segment startTime="38305.0" duration="3000.0" unitType="ms"/>
        </u>
        <u speaker="CHI" id="85167ae0-1125-4dee-9f5e-7574b95992c8" excludeFromSearches="false">
            <orthography>
                <g>
                    <w>snail</w>
                    <p type="PERIOD">.</p>
                </g>
            </orthography>
            <ipaTier form="model">
                <pg>
                    <w>sneɪl</w>
                    <sb>
                        <ph indexes="0" scType="UK"/>
                        <ph indexes="1" scType="UK"/>
                        <ph indexes="2" scType="UK"/>
                        <ph indexes="3" scType="UK"/>
                        <ph indexes="4" scType="UK"/>
                    </sb>
                </pg>
            </ipaTier>
            <ipaTier form="actual">
                <pg>
                    <w>nju</w>
                    <sb>
                        <ph indexes="0" scType="UK"/>
                        <ph indexes="1" scType="UK"/>
                        <ph indexes="2" scType="UK"/>
                    </sb>
                </pg>
            </ipaTier>
            <alignment type="segmental">
                <ag length="0"/>
            </alignment>
            <segment startTime="43554.0" duration="3000.0" unitType="ms"/>
        </u>
        <u speaker="CHI" id="82c5b611-b106-47cb-b83e-8fd1885c7b1c" excludeFromSearches="false">
            <orthography>
                <g>
                    <w>cloud</w>
                    <p type="PERIOD">.</p>
                </g>
            </orthography>
            <ipaTier form="model">
                <pg>
                    <w>klɑʊd</w>
                    <sb>
                        <ph indexes="0" scType="UK"/>
                        <ph indexes="1" scType="UK"/>
                        <ph indexes="2" scType="UK"/>
                        <ph indexes="3" scType="UK"/>
                        <ph indexes="4" scType="UK"/>
                    </sb>
                </pg>
            </ipaTier>
            <ipaTier form="actual">
                <pg>
                    <w>gɑʊn</w>
                    <sb>
                        <ph indexes="0" scType="UK"/>
                        <ph indexes="1" scType="UK"/>
                        <ph indexes="2" scType="UK"/>
                        <ph indexes="3" scType="UK"/>
                    </sb>
                </pg>
            </ipaTier>
            <alignment type="segmental">
                <ag length="0"/>
            </alignment>
            <segment startTime="59304.0" duration="3000.0" unitType="ms"/>
        </u>
        <u speaker="CHI" id="c46e7a73-c86e-42f5-a12c-95cf6b6868bc" excludeFromSearches="false">
            <orthography>
                <g>
                    <w>flower</w>
                    <p type="PERIOD">.</p>
                </g>
            </orthography>
            <ipaTier form="model">
                <pg>
                    <w>flɑʊwər</w>
                    <sb>
                        <ph indexes="0" scType="UK"/>
                        <ph indexes="1" scType="UK"/>
                        <ph indexes="2" scType="UK"/>
                        <ph indexes="3" scType="UK"/>
                        <ph indexes="4" scType="UK"/>
                        <ph indexes="5" scType="UK"/>
                        <ph indexes="6" scType="UK"/>
                    </sb>
                </pg>
            </ipaTier>
            <ipaTier form="actual">
                <pg>
                    <w>dɑʊwərs</w>
                    <sb>
                        <ph indexes="0" scType="UK"/>
                        <ph indexes="1" scType="UK"/>
                        <ph indexes="2" scType="UK"/>
                        <ph indexes="3" scType="UK"/>
                        <ph indexes="4" scType="UK"/>
                        <ph indexes="5" scType="UK"/>
                        <ph indexes="6" scType="UK"/>
                    </sb>
                </pg>
            </ipaTier>
            <alignment type="segmental">
                <ag length="0"/>
            </alignment>
            <segment startTime="65404.0" duration="3000.0" unitType="ms"/>
        </u>
        <u speaker="CHI" id="670b62ff-fa64-4965-9b57-be0ac570e3ff" excludeFromSearches="false">
            <orthography>
                <g>
                    <w>vase</w>
                    <p type="PERIOD">.</p>
                </g>
            </orthography>
            <ipaTier form="model">
                <pg>
                    <w>veɪs</w>
                    <sb>
                        <ph indexes="0" scType="UK"/>
                        <ph indexes="1" scType="UK"/>
                        <ph indexes="2" scType="UK"/>
                        <ph indexes="3" scType="UK"/>
                    </sb>
                </pg>
            </ipaTier>
            <ipaTier form="actual">
                <pg>
                    <w>dis</w>
                    <sb>
                        <ph indexes="0" scType="UK"/>
                        <ph indexes="1" scType="UK"/>
                        <ph indexes="2" scType="UK"/>
                    </sb>
                </pg>
            </ipaTier>
            <alignment type="segmental">
                <ag length="0"/>
            </alignment>
            <segment startTime="68405.0" duration="2849.0" unitType="ms"/>
        </u>
        <u speaker="CHI" id="7b82c391-5675-4463-b6cd-18a2266875d6" excludeFromSearches="false">
            <orthography>
                <g>
                    <w>doll</w>
                    <p type="PERIOD">.</p>
                </g>
            </orthography>
            <ipaTier form="model">
                <pg>
                    <w>dɑl</w>
                    <sb>
                        <ph indexes="0" scType="UK"/>
                        <ph indexes="1" scType="UK"/>
                        <ph indexes="2" scType="UK"/>
                    </sb>
                </pg>
            </ipaTier>
            <ipaTier form="actual">
                <pg>
                    <w>dɑː</w>
                    <sb>
                        <ph indexes="0" scType="UK"/>
                        <ph indexes="1 2" scType="UK"/>
                    </sb>
                </pg>
            </ipaTier>
            <alignment type="segmental">
                <ag length="0"/>
            </alignment>
            <segment startTime="74604.0" duration="3000.0" unitType="ms"/>
        </u>
        <u speaker="CHI" id="ded143a7-6019-4877-ae32-f870a14331f3" excludeFromSearches="false">
            <orthography>
                <g>
                    <w>ladder</w>
                    <p type="PERIOD">.</p>
                </g>
            </orthography>
            <ipaTier form="model">
                <pg>
                    <w>lædər</w>
                    <sb>
                        <ph indexes="0" scType="UK"/>
                        <ph indexes="1" scType="UK"/>
                        <ph indexes="2" scType="UK"/>
                        <ph indexes="3" scType="UK"/>
                        <ph indexes="4" scType="UK"/>
                    </sb>
                </pg>
            </ipaTier>
            <ipaTier form="actual">
                <pg>
                    <w>dædər</w>
                    <sb>
                        <ph indexes="0" scType="UK"/>
                        <ph indexes="1" scType="UK"/>
                        <ph indexes="2" scType="UK"/>
                        <ph indexes="3" scType="UK"/>
                        <ph indexes="4" scType="UK"/>
                    </sb>
                </pg>
            </ipaTier>
            <alignment type="segmental">
                <ag length="0"/>
            </alignment>
            <segment startTime="78254.0" duration="3000.0" unitType="ms"/>
        </u>
        <u speaker="CHI" id="ee889155-bbab-4625-8765-e1a463c83a02" excludeFromSearches="false">
            <orthography>
                <g>
                    <w>twelve</w>
                    <p type="PERIOD">.</p>
                </g>
            </orthography>
            <ipaTier form="model">
                <pg>
                    <w>twɛlv</w>
                    <sb>
                        <ph indexes="0" scType="UK"/>
                        <ph indexes="1" scType="UK"/>
                        <ph indexes="2" scType="UK"/>
                        <ph indexes="3" scType="UK"/>
                        <ph indexes="4" scType="UK"/>
                    </sb>
                </pg>
            </ipaTier>
            <ipaTier form="actual">
                <pg>
                    <w>dɑʊf</w>
                    <sb>
                        <ph indexes="0" scType="UK"/>
                        <ph indexes="1" scType="UK"/>
                        <ph indexes="2" scType="UK"/>
                        <ph indexes="3" scType="UK"/>
                    </sb>
                </pg>
            </ipaTier>
            <alignment type="segmental">
                <ag length="0"/>
            </alignment>
            <segment startTime="109154.0" duration="3000.0" unitType="ms"/>
        </u>
        <u speaker="CHI" id="840e2c31-cf86-4ef5-9292-df97c6bb5946" excludeFromSearches="false">
            <orthography>
                <g>
                    <w>jelly</w>
                    <p type="PERIOD">.</p>
                </g>
            </orthography>
            <ipaTier form="model">
                <pg>
                    <w>ʤɛli</w>
                    <sb>
                        <ph indexes="0" scType="UK"/>
                        <ph indexes="1" scType="UK"/>
                        <ph indexes="2" scType="UK"/>
                        <ph indexes="3" scType="UK"/>
                    </sb>
                </pg>
            </ipaTier>
            <ipaTier form="actual">
                <pg>
                    <w>dʌwi</w>
                    <sb>
                        <ph indexes="0" scType="UK"/>
                        <ph indexes="1" scType="UK"/>
                        <ph indexes="2" scType="UK"/>
                        <ph indexes="3" scType="UK"/>
                    </sb>
                </pg>
            </ipaTier>
            <alignment type="segmental">
                <ag length="0"/>
            </alignment>
            <segment startTime="117554.0" duration="3000.0" unitType="ms"/>
        </u>
        <u speaker="CHI" id="54b9804b-4974-4b3b-ba0d-6946ca7786ec" excludeFromSearches="false">
            <orthography>
                <g>
                    <w>slippers</w>
                    <p type="PERIOD">.</p>
                </g>
            </orthography>
            <ipaTier form="model">
                <pg>
                    <w>slɪpərz</w>
                    <sb>
                        <ph indexes="0" scType="UK"/>
                        <ph indexes="1" scType="UK"/>
                        <ph indexes="2" scType="UK"/>
                        <ph indexes="3" scType="UK"/>
                        <ph indexes="4" scType="UK"/>
                        <ph indexes="5" scType="UK"/>
                        <ph indexes="6" scType="UK"/>
                    </sb>
                </pg>
            </ipaTier>
            <ipaTier form="actual">
                <pg>
                    <w>ʔɪpərs</w>
                    <sb>
                        <ph indexes="0" scType="UK"/>
                        <ph indexes="1" scType="UK"/>
                        <ph indexes="2" scType="UK"/>
                        <ph indexes="3" scType="UK"/>
                        <ph indexes="4" scType="UK"/>
                        <ph indexes="5" scType="UK"/>
                    </sb>
                </pg>
            </ipaTier>
            <alignment type="segmental">
                <ag length="0"/>
            </alignment>
            <segment startTime="123704.0" duration="3000.0" unitType="ms"/>
        </u>
        <u speaker="CHI" id="d1ab80ab-1a1c-42b1-b678-bd8c46dbe263" excludeFromSearches="false">
            <orthography>
                <g>
                    <w>light</w>
                    <p type="PERIOD">.</p>
                </g>
            </orthography>
            <ipaTier form="model">
                <pg>
                    <w>lɑɪt</w>
                    <sb>
                        <ph indexes="0" scType="UK"/>
                        <ph indexes="1" scType="UK"/>
                        <ph indexes="2" scType="UK"/>
                        <ph indexes="3" scType="UK"/>
                    </sb>
                </pg>
            </ipaTier>
            <ipaTier form="actual">
                <pg>
                    <w>nɑɪt</w>
                    <sb>
                        <ph indexes="0" scType="UK"/>
                        <ph indexes="1" scType="UK"/>
                        <ph indexes="2" scType="UK"/>
                        <ph indexes="3" scType="UK"/>
                    </sb>
                </pg>
            </ipaTier>
            <alignment type="segmental">
                <ag length="0"/>
            </alignment>
            <segment startTime="127004.0" duration="3000.0" unitType="ms"/>
        </u>
        <u speaker="CHI" id="e973099c-4806-4ce0-b992-0b264e087462" excludeFromSearches="false">
            <orthography>
                <g>
                    <w>leaf</w>
                    <p type="PERIOD">.</p>
                </g>
            </orthography>
            <ipaTier form="model">
                <pg>
                    <w>lif</w>
                    <sb>
                        <ph indexes="0" scType="UK"/>
                        <ph indexes="1" scType="UK"/>
                        <ph indexes="2" scType="UK"/>
                    </sb>
                </pg>
            </ipaTier>
            <ipaTier form="actual">
                <pg>
                    <w>mif</w>
                    <sb>
                        <ph indexes="0" scType="UK"/>
                        <ph indexes="1" scType="UK"/>
                        <ph indexes="2" scType="UK"/>
                    </sb>
                </pg>
            </ipaTier>
            <alignment type="segmental">
                <ag length="0"/>
            </alignment>
            <segment startTime="226788.0" duration="3000.0" unitType="ms"/>
        </u>
        <u speaker="CHI" id="3aa04e65-d260-4246-8c7b-68af41c9de00" excludeFromSearches="false">
            <orthography>
                <g>
                    <w>leafi</w>
                    <p type="PERIOD">.</p>
                </g>
            </orthography>
            <ipaTier form="model">
                <pg>
                    <w>lifi</w>
                    <sb>
                        <ph indexes="0" scType="UK"/>
                        <ph indexes="1" scType="UK"/>
                        <ph indexes="2" scType="UK"/>
                        <ph indexes="3" scType="UK"/>
                    </sb>
                </pg>
            </ipaTier>
            <ipaTier form="actual">
                <pg>
                    <w>jifi</w>
                    <sb>
                        <ph indexes="0" scType="UK"/>
                        <ph indexes="1" scType="UK"/>
                        <ph indexes="2" scType="UK"/>
                        <ph indexes="3" scType="UK"/>
                    </sb>
                </pg>
            </ipaTier>
            <alignment type="segmental">
                <ag length="0"/>
            </alignment>
            <segment startTime="229789.0" duration="2749.0" unitType="ms"/>
        </u>
        <u speaker="CHI" id="3c886c23-f681-454b-a81c-2752f17da3da" excludeFromSearches="false">
            <orthography>
                <g>
                    <w>glove</w>
                    <p type="PERIOD">.</p>
                </g>
            </orthography>
            <ipaTier form="model">
                <pg>
                    <w>glʌv</w>
                    <sb>
                        <ph indexes="0" scType="UK"/>
                        <ph indexes="1" scType="UK"/>
                        <ph indexes="2" scType="UK"/>
                        <ph indexes="3" scType="UK"/>
                    </sb>
                </pg>
            </ipaTier>
            <ipaTier form="actual">
                <pg>
                    <w>gʌps</w>
                    <sb>
                        <ph indexes="0" scType="UK"/>
                        <ph indexes="1" scType="UK"/>
                        <ph indexes="2" scType="UK"/>
                        <ph indexes="3" scType="UK"/>
                    </sb>
                </pg>
            </ipaTier>
            <alignment type="segmental">
                <ag length="0"/>
            </alignment>
            <segment startTime="260032.98" duration="3000.0156" unitType="ms"/>
        </u>
        <u speaker="CHI" id="c9361860-3347-408f-8d52-45b99f45d31b" excludeFromSearches="false">
            <orthography>
                <g>
                    <w>glovei</w>
                    <p type="PERIOD">.</p>
                </g>
            </orthography>
            <ipaTier form="model">
                <pg>
                    <w>glʌvi</w>
                    <sb>
                        <ph indexes="0" scType="UK"/>
                        <ph indexes="1" scType="UK"/>
                        <ph indexes="2" scType="UK"/>
                        <ph indexes="3" scType="UK"/>
                        <ph indexes="4" scType="UK"/>
                    </sb>
                </pg>
            </ipaTier>
            <ipaTier form="actual">
                <pg>
                    <w>gʌvi</w>
                    <sb>
                        <ph indexes="0" scType="UK"/>
                        <ph indexes="1" scType="UK"/>
                        <ph indexes="2" scType="UK"/>
                        <ph indexes="3" scType="UK"/>
                    </sb>
                </pg>
            </ipaTier>
            <alignment type="segmental">
                <ag length="0"/>
            </alignment>
            <segment startTime="263034.0" duration="2399.0" unitType="ms"/>
        </u>
        <u speaker="CHI" id="dcb099ac-fd7f-40c8-b80b-7c18f540ab1a" excludeFromSearches="false">
            <orthography>
                <g>
                    <w>chalk</w>
                    <p type="PERIOD">.</p>
                </g>
            </orthography>
            <ipaTier form="model">
                <pg>
                    <w>ʧɑk</w>
                    <sb>
                        <ph indexes="0" scType="UK"/>
                        <ph indexes="1" scType="UK"/>
                        <ph indexes="2" scType="UK"/>
                    </sb>
                </pg>
            </ipaTier>
            <ipaTier form="actual">
                <pg>
                    <w>gɑkʰ</w>
                    <sb>
                        <ph indexes="0" scType="UK"/>
                        <ph indexes="1" scType="UK"/>
                        <ph indexes="2 3" scType="UK"/>
                    </sb>
                </pg>
            </ipaTier>
            <alignment type="segmental">
                <ag length="0"/>
            </alignment>
            <segment startTime="267433.0" duration="3000.0" unitType="ms"/>
        </u>
        <u speaker="CHI" id="ef840c47-b64b-42d4-afcf-1e400d550d87" excludeFromSearches="false">
            <orthography>
                <g>
                    <w>chalki</w>
                    <p type="PERIOD">.</p>
                </g>
            </orthography>
            <ipaTier form="model">
                <pg>
                    <w>ʧɑki</w>
                    <sb>
                        <ph indexes="0" scType="UK"/>
                        <ph indexes="1" scType="UK"/>
                        <ph indexes="2" scType="UK"/>
                        <ph indexes="3" scType="UK"/>
                    </sb>
                </pg>
            </ipaTier>
            <ipaTier form="actual">
                <pg>
                    <w>gɑki</w>
                    <sb>
                        <ph indexes="0" scType="UK"/>
                        <ph indexes="1" scType="UK"/>
                        <ph indexes="2" scType="UK"/>
                        <ph indexes="3" scType="UK"/>
                    </sb>
                </pg>
            </ipaTier>
            <alignment type="segmental">
                <ag length="0"/>
            </alignment>
            <segment startTime="270533.0" duration="3000.0" unitType="ms"/>
        </u>
        <u speaker="CHI" id="5dcac55f-a32f-4bdd-9da8-968bb5c4d153" excludeFromSearches="false">
            <orthography>
                <g>
                    <w>hill</w>
                    <p type="PERIOD">.</p>
                </g>
            </orthography>
            <ipaTier form="model">
                <pg>
                    <w>hɪl</w>
                    <sb>
                        <ph indexes="0" scType="UK"/>
                        <ph indexes="1" scType="UK"/>
                        <ph indexes="2" scType="UK"/>
                    </sb>
                </pg>
            </ipaTier>
            <ipaTier form="actual">
                <pg>
                    <w>hijoʊ</w>
                    <sb>
                        <ph indexes="0" scType="UK"/>
                        <ph indexes="1" scType="UK"/>
                        <ph indexes="2" scType="UK"/>
                        <ph indexes="3" scType="UK"/>
                        <ph indexes="4" scType="UK"/>
                    </sb>
                </pg>
            </ipaTier>
            <alignment type="segmental">
                <ag length="0"/>
            </alignment>
            <segment startTime="273534.0" duration="1999.0" unitType="ms"/>
        </u>
        <u speaker="CHI" id="c77adff9-09dc-4ce4-9391-12fcf9562849" excludeFromSearches="false">
            <orthography>
                <g>
                    <w>hilli</w>
                    <p type="PERIOD">.</p>
                </g>
            </orthography>
            <ipaTier form="model">
                <pg>
                    <w>hɪli</w>
                    <sb>
                        <ph indexes="0" scType="UK"/>
                        <ph indexes="1" scType="UK"/>
                        <ph indexes="2" scType="UK"/>
                        <ph indexes="3" scType="UK"/>
                    </sb>
                </pg>
            </ipaTier>
            <ipaTier form="actual">
                <pg>
                    <w>hɪji</w>
                    <sb>
                        <ph indexes="0" scType="UK"/>
                        <ph indexes="1" scType="UK"/>
                        <ph indexes="2" scType="UK"/>
                        <ph indexes="3" scType="UK"/>
                    </sb>
                </pg>
            </ipaTier>
            <alignment type="segmental">
                <ag length="0"/>
            </alignment>
            <segment startTime="275534.0" duration="2799.0" unitType="ms"/>
        </u>
        <u speaker="CHI" id="9d22d402-4ae1-4a89-a8b3-95b759235528" excludeFromSearches="false">
            <orthography>
                <g>
                    <w>laugh</w>
                    <p type="PERIOD">.</p>
                </g>
            </orthography>
            <ipaTier form="model">
                <pg>
                    <w>læf</w>
                    <sb>
                        <ph indexes="0" scType="UK"/>
                        <ph indexes="1" scType="UK"/>
                        <ph indexes="2" scType="UK"/>
                    </sb>
                </pg>
            </ipaTier>
            <ipaTier form="actual">
                <pg>
                    <w>næf</w>
                    <sb>
                        <ph indexes="0" scType="UK"/>
                        <ph indexes="1" scType="UK"/>
                        <ph indexes="2" scType="UK"/>
                    </sb>
                </pg>
            </ipaTier>
            <alignment type="segmental">
                <ag length="0"/>
            </alignment>
            <segment startTime="278334.0" duration="2849.0" unitType="ms"/>
        </u>
        <u speaker="CHI" id="d1ce86be-e1aa-40d3-a473-97016e753d5e" excludeFromSearches="false">
            <orthography>
                <g>
                    <w>laughing</w>
                    <p type="PERIOD">.</p>
                </g>
            </orthography>
            <ipaTier form="model">
                <pg>
                    <w>læfɪŋ</w>
                    <sb>
                        <ph indexes="0" scType="UK"/>
                        <ph indexes="1" scType="UK"/>
                        <ph indexes="2" scType="UK"/>
                        <ph indexes="3" scType="UK"/>
                        <ph indexes="4" scType="UK"/>
                    </sb>
                </pg>
            </ipaTier>
            <ipaTier form="actual">
                <pg>
                    <w>næfiŋ</w>
                    <sb>
                        <ph indexes="0" scType="UK"/>
                        <ph indexes="1" scType="UK"/>
                        <ph indexes="2" scType="UK"/>
                        <ph indexes="3" scType="UK"/>
                        <ph indexes="4" scType="UK"/>
                    </sb>
                </pg>
            </ipaTier>
            <alignment type="segmental">
                <ag length="0"/>
            </alignment>
            <segment startTime="281184.0" duration="2299.0" unitType="ms"/>
        </u>
        <u speaker="CHI" id="2ad17654-a804-4f84-965b-a62a027b852c" excludeFromSearches="false">
            <orthography>
                <g>
                    <w>fly</w>
                    <p type="PERIOD">.</p>
                </g>
            </orthography>
            <ipaTier form="model">
                <pg>
                    <w>flɑɪ</w>
                    <sb>
                        <ph indexes="0" scType="UK"/>
                        <ph indexes="1" scType="UK"/>
                        <ph indexes="2" scType="UK"/>
                        <ph indexes="3" scType="UK"/>
                    </sb>
                </pg>
            </ipaTier>
            <ipaTier form="actual">
                <pg>
                    <w>n̯ɑɪ</w>
                    <sb>
                        <ph indexes="0 1" scType="UK"/>
                        <ph indexes="2" scType="UK"/>
                        <ph indexes="3" scType="UK"/>
                    </sb>
                </pg>
            </ipaTier>
            <alignment type="segmental">
                <ag length="0"/>
            </alignment>
            <segment startTime="293333.0" duration="3000.0" unitType="ms"/>
        </u>
        <u speaker="CHI" id="8a8dc138-addf-4c74-ac3f-78cc1f2ec90d" excludeFromSearches="false">
            <orthography>
                <g>
                    <w>flying</w>
                    <p type="PERIOD">.</p>
                </g>
            </orthography>
            <ipaTier form="model">
                <pg>
                    <w>flɑɪʔɪŋ</w>
                    <sb>
                        <ph indexes="0" scType="UK"/>
                        <ph indexes="1" scType="UK"/>
                        <ph indexes="2" scType="UK"/>
                        <ph indexes="3" scType="UK"/>
                        <ph indexes="4" scType="UK"/>
                        <ph indexes="5" scType="UK"/>
                        <ph indexes="6" scType="UK"/>
                    </sb>
                </pg>
            </ipaTier>
            <ipaTier form="actual">
                <pg>
                    <w>wɑriŋ</w>
                    <sb>
                        <ph indexes="0" scType="UK"/>
                        <ph indexes="1" scType="UK"/>
                        <ph indexes="2" scType="UK"/>
                        <ph indexes="3" scType="UK"/>
                        <ph indexes="4" scType="UK"/>
                    </sb>
                </pg>
            </ipaTier>
            <alignment type="segmental">
                <ag length="0"/>
            </alignment>
            <segment startTime="297333.0" duration="3000.0" unitType="ms"/>
        </u>
        <u speaker="CHI" id="ef0a2117-9ffb-43ff-84e2-620b548c0231" excludeFromSearches="false">
            <orthography>
                <g>
                    <w>smile</w>
                    <p type="PERIOD">.</p>
                </g>
            </orthography>
            <ipaTier form="model">
                <pg>
                    <w>smɑɪl</w>
                    <sb>
                        <ph indexes="0" scType="UK"/>
                        <ph indexes="1" scType="UK"/>
                        <ph indexes="2" scType="UK"/>
                        <ph indexes="3" scType="UK"/>
                        <ph indexes="4" scType="UK"/>
                    </sb>
                </pg>
            </ipaTier>
            <ipaTier form="actual">
                <pg>
                    <w>nɑɪnə</w>
                    <sb>
                        <ph indexes="0" scType="UK"/>
                        <ph indexes="1" scType="UK"/>
                        <ph indexes="2" scType="UK"/>
                        <ph indexes="3" scType="UK"/>
                        <ph indexes="4" scType="UK"/>
                    </sb>
                </pg>
            </ipaTier>
            <alignment type="segmental">
                <ag length="0"/>
            </alignment>
            <segment startTime="305533.0" duration="3000.0" unitType="ms"/>
        </u>
        <u speaker="CHI" id="17621d63-42e2-4e1e-a137-00dbc8fc4924" excludeFromSearches="false">
            <orthography>
                <g>
                    <w>smiling</w>
                    <p type="PERIOD">.</p>
                </g>
            </orthography>
            <ipaTier form="model">
                <pg>
                    <w>smɑɪlɪŋ</w>
                    <sb>
                        <ph indexes="0" scType="UK"/>
                        <ph indexes="1" scType="UK"/>
                        <ph indexes="2" scType="UK"/>
                        <ph indexes="3" scType="UK"/>
                        <ph indexes="4" scType="UK"/>
                        <ph indexes="5" scType="UK"/>
                        <ph indexes="6" scType="UK"/>
                    </sb>
                </pg>
            </ipaTier>
            <ipaTier form="actual">
                <pg>
                    <w>mɑjiŋ</w>
                    <sb>
                        <ph indexes="0" scType="UK"/>
                        <ph indexes="1" scType="UK"/>
                        <ph indexes="2" scType="UK"/>
                        <ph indexes="3" scType="UK"/>
                        <ph indexes="4" scType="UK"/>
                    </sb>
                </pg>
            </ipaTier>
            <alignment type="segmental">
                <ag length="0"/>
            </alignment>
            <segment startTime="310183.0" duration="3000.0" unitType="ms"/>
        </u>
        <u speaker="CHI" id="daf11043-a732-4a0e-a6fe-b21eac9dc4ac" excludeFromSearches="false">
            <orthography>
                <g>
                    <w>splash</w>
                    <p type="PERIOD">.</p>
                </g>
            </orthography>
            <ipaTier form="model">
                <pg>
                    <w>splæʃ</w>
                    <sb>
                        <ph indexes="0" scType="UK"/>
                        <ph indexes="1" scType="UK"/>
                        <ph indexes="2" scType="UK"/>
                        <ph indexes="3" scType="UK"/>
                        <ph indexes="4" scType="UK"/>
                    </sb>
                </pg>
            </ipaTier>
            <ipaTier form="actual">
                <pg>
                    <w>bæʦ</w>
                    <sb>
                        <ph indexes="0" scType="UK"/>
                        <ph indexes="1" scType="UK"/>
                        <ph indexes="2" scType="UK"/>
                    </sb>
                </pg>
            </ipaTier>
            <alignment type="segmental">
                <ag length="0"/>
            </alignment>
            <segment startTime="314033.0" duration="3000.0" unitType="ms"/>
        </u>
        <u speaker="CHI" id="96a69ab9-573f-4679-829b-a5bd6dbbe91b" excludeFromSearches="false">
            <orthography>
                <g>
                    <w>splashing</w>
                    <p type="PERIOD">.</p>
                </g>
            </orthography>
            <ipaTier form="model">
                <pg>
                    <w>splæʃɪŋ</w>
                    <sb>
                        <ph indexes="0" scType="UK"/>
                        <ph indexes="1" scType="UK"/>
                        <ph indexes="2" scType="UK"/>
                        <ph indexes="3" scType="UK"/>
                        <ph indexes="4" scType="UK"/>
                        <ph indexes="5" scType="UK"/>
                        <ph indexes="6" scType="UK"/>
                    </sb>
                </pg>
            </ipaTier>
            <ipaTier form="actual">
                <pg>
                    <w>bæʃiŋ</w>
                    <sb>
                        <ph indexes="0" scType="UK"/>
                        <ph indexes="1" scType="UK"/>
                        <ph indexes="2" scType="UK"/>
                        <ph indexes="3" scType="UK"/>
                        <ph indexes="4" scType="UK"/>
                    </sb>
                </pg>
            </ipaTier>
            <alignment type="segmental">
                <ag length="0"/>
            </alignment>
            <segment startTime="317034.0" duration="2649.0" unitType="ms"/>
        </u>
        <u speaker="CHI" id="0719d227-c09b-4fcd-8f0e-90aeebff4420" excludeFromSearches="false">
            <orthography>
                <g>
                    <w>blow</w>
                    <p type="PERIOD">.</p>
                </g>
            </orthography>
            <ipaTier form="model">
                <pg>
                    <w>bloʊ</w>
                    <sb>
                        <ph indexes="0" scType="UK"/>
                        <ph indexes="1" scType="UK"/>
                        <ph indexes="2" scType="UK"/>
                        <ph indexes="3" scType="UK"/>
                    </sb>
                </pg>
            </ipaTier>
            <ipaTier form="actual">
                <pg>
                    <w>boʊ</w>
                    <sb>
                        <ph indexes="0" scType="UK"/>
                        <ph indexes="1" scType="UK"/>
                        <ph indexes="2" scType="UK"/>
                    </sb>
                </pg>
            </ipaTier>
            <alignment type="segmental">
                <ag length="0"/>
            </alignment>
            <segment startTime="320718.0" duration="3000.0" unitType="ms"/>
        </u>
        <u speaker="CHI" id="25dfe1b6-8016-4c89-968b-3e34b5ef36f2" excludeFromSearches="false">
            <orthography>
                <g>
                    <w>blowing</w>
                    <p type="PERIOD">.</p>
                </g>
            </orthography>
            <ipaTier form="model">
                <pg>
                    <w>bloʊwɪŋ</w>
                    <sb>
                        <ph indexes="0" scType="UK"/>
                        <ph indexes="1" scType="UK"/>
                        <ph indexes="2" scType="UK"/>
                        <ph indexes="3" scType="UK"/>
                        <ph indexes="4" scType="UK"/>
                        <ph indexes="5" scType="UK"/>
                        <ph indexes="6" scType="UK"/>
                    </sb>
                </pg>
            </ipaTier>
            <ipaTier form="actual">
                <pg>
                    <w>boʊniŋ</w>
                    <sb>
                        <ph indexes="0" scType="UK"/>
                        <ph indexes="1" scType="UK"/>
                        <ph indexes="2" scType="UK"/>
                        <ph indexes="3" scType="UK"/>
                        <ph indexes="4" scType="UK"/>
                        <ph indexes="5" scType="UK"/>
                    </sb>
                </pg>
            </ipaTier>
            <alignment type="segmental">
                <ag length="0"/>
            </alignment>
            <segment startTime="323968.0" duration="3000.0" unitType="ms"/>
        </u>
        <u speaker="CHI" id="5e7c6a31-a460-4f1e-9160-b27123989c22" excludeFromSearches="false">
            <orthography>
                <g>
                    <w>fall</w>
                    <p type="PERIOD">.</p>
                </g>
            </orthography>
            <ipaTier form="model">
                <pg>
                    <w>fɑl</w>
                    <sb>
                        <ph indexes="0" scType="UK"/>
                        <ph indexes="1" scType="UK"/>
                        <ph indexes="2" scType="UK"/>
                    </sb>
                </pg>
            </ipaTier>
            <ipaTier form="actual">
                <pg>
                    <w>nɑː</w>
                    <sb>
                        <ph indexes="0" scType="UK"/>
                        <ph indexes="1 2" scType="UK"/>
                    </sb>
                </pg>
            </ipaTier>
            <alignment type="segmental">
                <ag length="0"/>
            </alignment>
            <segment startTime="327318.0" duration="3000.0" unitType="ms"/>
        </u>
        <u speaker="CHI" id="2ec8e0a6-7e06-4e3a-9cbf-79b6e6e4505a" excludeFromSearches="false">
            <orthography>
                <g>
                    <w>falling</w>
                    <p type="PERIOD">.</p>
                </g>
            </orthography>
            <ipaTier form="model">
                <pg>
                    <w>fɑlɪŋ</w>
                    <sb>
                        <ph indexes="0" scType="UK"/>
                        <ph indexes="1" scType="UK"/>
                        <ph indexes="2" scType="UK"/>
                        <ph indexes="3" scType="UK"/>
                        <ph indexes="4" scType="UK"/>
                    </sb>
                </pg>
            </ipaTier>
            <ipaTier form="actual">
                <pg>
                    <w>dɑjiŋ</w>
                    <sb>
                        <ph indexes="0" scType="UK"/>
                        <ph indexes="1" scType="UK"/>
                        <ph indexes="2" scType="UK"/>
                        <ph indexes="3" scType="UK"/>
                        <ph indexes="4" scType="UK"/>
                    </sb>
                </pg>
            </ipaTier>
            <alignment type="segmental">
                <ag length="0"/>
            </alignment>
            <segment startTime="332818.0" duration="3000.0" unitType="ms"/>
        </u>
        <u speaker="CHI" id="d3becb7b-0850-4d75-a653-72a932c5c8a6" excludeFromSearches="false">
            <orthography>
                <g>
                    <w>sing</w>
                    <p type="PERIOD">.</p>
                </g>
            </orthography>
            <ipaTier form="model">
                <pg>
                    <w>sɪŋ</w>
                    <sb>
                        <ph indexes="0" scType="UK"/>
                        <ph indexes="1" scType="UK"/>
                        <ph indexes="2" scType="UK"/>
                    </sb>
                </pg>
            </ipaTier>
            <ipaTier form="actual">
                <pg>
                    <w>giŋ</w>
                    <sb>
                        <ph indexes="0" scType="UK"/>
                        <ph indexes="1" scType="UK"/>
                        <ph indexes="2" scType="UK"/>
                    </sb>
                </pg>
            </ipaTier>
            <alignment type="segmental">
                <ag length="0"/>
            </alignment>
            <segment startTime="340822.0" duration="3000.0" unitType="ms"/>
        </u>
        <u speaker="CHI" id="eb8fafc9-18bc-4cf5-a5bf-1ec9e691670a" excludeFromSearches="false">
            <orthography>
                <g>
                    <w>singing</w>
                    <p type="PERIOD">.</p>
                </g>
            </orthography>
            <ipaTier form="model">
                <pg>
                    <w>sɪŋɪŋ</w>
                    <sb>
                        <ph indexes="0" scType="UK"/>
                        <ph indexes="1" scType="UK"/>
                        <ph indexes="2" scType="UK"/>
                        <ph indexes="3" scType="UK"/>
                        <ph indexes="4" scType="UK"/>
                    </sb>
                </pg>
            </ipaTier>
            <ipaTier form="actual">
                <pg>
                    <w>giŋiŋ</w>
                    <sb>
                        <ph indexes="0" scType="UK"/>
                        <ph indexes="1" scType="UK"/>
                        <ph indexes="2" scType="UK"/>
                        <ph indexes="3" scType="UK"/>
                        <ph indexes="4" scType="UK"/>
                    </sb>
                </pg>
            </ipaTier>
            <alignment type="segmental">
                <ag length="0"/>
            </alignment>
            <segment startTime="343823.0" duration="2044.0" unitType="ms"/>
        </u>
        <u speaker="CHI" id="68e219da-aed4-458b-92cc-e6154863d979" excludeFromSearches="false">
            <orthography>
                <g>
                    <w>sleeping</w>
                    <p type="PERIOD">.</p>
                </g>
            </orthography>
            <ipaTier form="model">
                <pg>
                    <w>slipɪŋ</w>
                    <sb>
                        <ph indexes="0" scType="UK"/>
                        <ph indexes="1" scType="UK"/>
                        <ph indexes="2" scType="UK"/>
                        <ph indexes="3" scType="UK"/>
                        <ph indexes="4" scType="UK"/>
                        <ph indexes="5" scType="UK"/>
                    </sb>
                </pg>
            </ipaTier>
            <ipaTier form="actual">
                <pg>
                    <w>bibiŋ</w>
                    <sb>
                        <ph indexes="0" scType="UK"/>
                        <ph indexes="1" scType="UK"/>
                        <ph indexes="2" scType="UK"/>
                        <ph indexes="3" scType="UK"/>
                        <ph indexes="4" scType="UK"/>
                    </sb>
                </pg>
            </ipaTier>
            <alignment type="segmental">
                <ag length="0"/>
            </alignment>
            <segment startTime="349926.0" duration="3000.0" unitType="ms"/>
        </u>
        <u speaker="CHI" id="ba1cb023-fed4-41ce-86fc-0c55a8d4fe68" excludeFromSearches="false">
            <orthography>
                <g>
                    <w>sleep</w>
                    <p type="PERIOD">.</p>
                </g>
            </orthography>
            <ipaTier form="model">
                <pg>
                    <w>slip</w>
                    <sb>
                        <ph indexes="0" scType="UK"/>
                        <ph indexes="1" scType="UK"/>
                        <ph indexes="2" scType="UK"/>
                        <ph indexes="3" scType="UK"/>
                    </sb>
                </pg>
            </ipaTier>
            <ipaTier form="actual">
                <pg>
                    <w>bipʰ</w>
                    <sb>
                        <ph indexes="0" scType="UK"/>
                        <ph indexes="1" scType="UK"/>
                        <ph indexes="2 3" scType="UK"/>
                    </sb>
                </pg>
            </ipaTier>
            <alignment type="segmental">
                <ag length="0"/>
            </alignment>
            <segment startTime="352976.0" duration="3000.0" unitType="ms"/>
        </u>
        <u speaker="CHI" id="cfca1923-dbec-4c32-bee1-1688ab330435" excludeFromSearches="false">
            <orthography>
                <g>
                    <w>climb</w>
                    <p type="PERIOD">.</p>
                </g>
            </orthography>
            <ipaTier form="model">
                <pg>
                    <w>klɑɪm</w>
                    <sb>
                        <ph indexes="0" scType="UK"/>
                        <ph indexes="1" scType="UK"/>
                        <ph indexes="2" scType="UK"/>
                        <ph indexes="3" scType="UK"/>
                        <ph indexes="4" scType="UK"/>
                    </sb>
                </pg>
            </ipaTier>
            <ipaTier form="actual">
                <pg>
                    <w>gɑɪm</w>
                    <sb>
                        <ph indexes="0" scType="UK"/>
                        <ph indexes="1" scType="UK"/>
                        <ph indexes="2" scType="UK"/>
                        <ph indexes="3" scType="UK"/>
                    </sb>
                </pg>
            </ipaTier>
            <alignment type="segmental">
                <ag length="0"/>
            </alignment>
            <segment startTime="356326.0" duration="3000.0" unitType="ms"/>
        </u>
        <u speaker="CHI" id="abf720b3-f256-4d45-a2ee-b098a87b50fb" excludeFromSearches="false">
            <orthography>
                <g>
                    <w>climbing</w>
                    <p type="PERIOD">.</p>
                </g>
            </orthography>
            <ipaTier form="model">
                <pg>
                    <w>klɑɪmɪŋ</w>
                    <sb>
                        <ph indexes="0" scType="UK"/>
                        <ph indexes="1" scType="UK"/>
                        <ph indexes="2" scType="UK"/>
                        <ph indexes="3" scType="UK"/>
                        <ph indexes="4" scType="UK"/>
                        <ph indexes="5" scType="UK"/>
                        <ph indexes="6" scType="UK"/>
                    </sb>
                </pg>
            </ipaTier>
            <ipaTier form="actual">
                <pg>
                    <w>gɑɪmiŋ</w>
                    <sb>
                        <ph indexes="0" scType="UK"/>
                        <ph indexes="1" scType="UK"/>
                        <ph indexes="2" scType="UK"/>
                        <ph indexes="3" scType="UK"/>
                        <ph indexes="4" scType="UK"/>
                        <ph indexes="5" scType="UK"/>
                    </sb>
                </pg>
            </ipaTier>
            <alignment type="segmental">
                <ag length="0"/>
            </alignment>
            <segment startTime="359426.0" duration="3000.0" unitType="ms"/>
        </u>
    </transcript>
</session>
